mode: set
github.com/AlexBurnes/buildfab/pkg/buildfab/actions.go:18.56,31.2 7 1
github.com/AlexBurnes/buildfab/pkg/buildfab/actions.go:34.76,36.2 1 1
github.com/AlexBurnes/buildfab/pkg/buildfab/actions.go:39.77,42.2 2 0
github.com/AlexBurnes/buildfab/pkg/buildfab/actions.go:45.65,47.38 2 0
github.com/AlexBurnes/buildfab/pkg/buildfab/actions.go:47.38,49.3 1 0
github.com/AlexBurnes/buildfab/pkg/buildfab/actions.go:50.2,50.16 1 0
github.com/AlexBurnes/buildfab/pkg/buildfab/actions.go:56.71,59.16 3 0
github.com/AlexBurnes/buildfab/pkg/buildfab/actions.go:59.16,64.3 1 0
github.com/AlexBurnes/buildfab/pkg/buildfab/actions.go:66.2,69.29 3 0
github.com/AlexBurnes/buildfab/pkg/buildfab/actions.go:69.29,70.41 1 0
github.com/AlexBurnes/buildfab/pkg/buildfab/actions.go:70.41,72.4 1 0
github.com/AlexBurnes/buildfab/pkg/buildfab/actions.go:75.2,75.24 1 0
github.com/AlexBurnes/buildfab/pkg/buildfab/actions.go:75.24,80.3 1 0
github.com/AlexBurnes/buildfab/pkg/buildfab/actions.go:82.2,85.8 1 0
github.com/AlexBurnes/buildfab/pkg/buildfab/actions.go:88.51,90.2 1 0
github.com/AlexBurnes/buildfab/pkg/buildfab/actions.go:95.73,98.16 3 0
github.com/AlexBurnes/buildfab/pkg/buildfab/actions.go:98.16,103.3 1 0
github.com/AlexBurnes/buildfab/pkg/buildfab/actions.go:105.2,108.29 3 0
github.com/AlexBurnes/buildfab/pkg/buildfab/actions.go:108.29,109.123 1 0
github.com/AlexBurnes/buildfab/pkg/buildfab/actions.go:109.123,111.4 1 0
github.com/AlexBurnes/buildfab/pkg/buildfab/actions.go:114.2,114.26 1 0
github.com/AlexBurnes/buildfab/pkg/buildfab/actions.go:114.26,119.3 1 0
github.com/AlexBurnes/buildfab/pkg/buildfab/actions.go:121.2,124.8 1 0
github.com/AlexBurnes/buildfab/pkg/buildfab/actions.go:127.53,129.2 1 0
github.com/AlexBurnes/buildfab/pkg/buildfab/actions.go:134.70,137.16 3 0
github.com/AlexBurnes/buildfab/pkg/buildfab/actions.go:137.16,142.3 1 0
github.com/AlexBurnes/buildfab/pkg/buildfab/actions.go:144.2,147.29 3 0
github.com/AlexBurnes/buildfab/pkg/buildfab/actions.go:147.29,148.17 1 0
github.com/AlexBurnes/buildfab/pkg/buildfab/actions.go:148.17,150.4 1 0
github.com/AlexBurnes/buildfab/pkg/buildfab/actions.go:153.2,153.23 1 0
github.com/AlexBurnes/buildfab/pkg/buildfab/actions.go:153.23,158.3 1 0
github.com/AlexBurnes/buildfab/pkg/buildfab/actions.go:160.2,163.8 1 0
github.com/AlexBurnes/buildfab/pkg/buildfab/actions.go:166.50,168.2 1 0
github.com/AlexBurnes/buildfab/pkg/buildfab/actions.go:173.71,176.16 2 0
github.com/AlexBurnes/buildfab/pkg/buildfab/actions.go:176.16,181.3 1 0
github.com/AlexBurnes/buildfab/pkg/buildfab/actions.go:183.2,184.19 2 0
github.com/AlexBurnes/buildfab/pkg/buildfab/actions.go:184.19,189.3 1 0
github.com/AlexBurnes/buildfab/pkg/buildfab/actions.go:192.2,192.30 1 0
github.com/AlexBurnes/buildfab/pkg/buildfab/actions.go:192.30,197.3 1 0
github.com/AlexBurnes/buildfab/pkg/buildfab/actions.go:199.2,202.8 1 0
github.com/AlexBurnes/buildfab/pkg/buildfab/actions.go:205.51,207.2 1 0
github.com/AlexBurnes/buildfab/pkg/buildfab/actions.go:212.79,215.16 2 0
github.com/AlexBurnes/buildfab/pkg/buildfab/actions.go:215.16,220.3 1 0
github.com/AlexBurnes/buildfab/pkg/buildfab/actions.go:222.2,227.16 4 0
github.com/AlexBurnes/buildfab/pkg/buildfab/actions.go:227.16,232.3 1 0
github.com/AlexBurnes/buildfab/pkg/buildfab/actions.go:234.2,235.57 2 0
github.com/AlexBurnes/buildfab/pkg/buildfab/actions.go:235.57,240.3 1 0
github.com/AlexBurnes/buildfab/pkg/buildfab/actions.go:243.2,245.35 2 0
github.com/AlexBurnes/buildfab/pkg/buildfab/actions.go:245.35,250.3 1 0
github.com/AlexBurnes/buildfab/pkg/buildfab/actions.go:252.2,255.54 1 0
github.com/AlexBurnes/buildfab/pkg/buildfab/actions.go:258.59,260.2 1 0
github.com/AlexBurnes/buildfab/pkg/buildfab/actions.go:263.42,265.38 1 0
github.com/AlexBurnes/buildfab/pkg/buildfab/actions.go:265.38,267.3 1 0
github.com/AlexBurnes/buildfab/pkg/buildfab/actions.go:270.2,273.37 2 0
github.com/AlexBurnes/buildfab/pkg/buildfab/actions.go:273.37,275.3 1 0
github.com/AlexBurnes/buildfab/pkg/buildfab/actions.go:278.2,279.20 2 0
github.com/AlexBurnes/buildfab/pkg/buildfab/actions.go:279.20,281.3 1 0
github.com/AlexBurnes/buildfab/pkg/buildfab/actions.go:284.2,284.29 1 0
github.com/AlexBurnes/buildfab/pkg/buildfab/actions.go:284.29,285.17 1 0
github.com/AlexBurnes/buildfab/pkg/buildfab/actions.go:285.17,287.4 1 0
github.com/AlexBurnes/buildfab/pkg/buildfab/actions.go:289.3,289.32 1 0
github.com/AlexBurnes/buildfab/pkg/buildfab/actions.go:289.32,291.4 1 0
github.com/AlexBurnes/buildfab/pkg/buildfab/actions.go:294.2,294.13 1 0
github.com/AlexBurnes/buildfab/pkg/buildfab/actions.go:298.43,300.21 1 0
github.com/AlexBurnes/buildfab/pkg/buildfab/actions.go:300.21,302.3 1 0
github.com/AlexBurnes/buildfab/pkg/buildfab/actions.go:305.2,307.69 2 0
github.com/AlexBurnes/buildfab/pkg/buildfab/actions.go:307.69,309.3 1 0
github.com/AlexBurnes/buildfab/pkg/buildfab/actions.go:311.2,311.14 1 0
github.com/AlexBurnes/buildfab/pkg/buildfab/actions.go:315.31,316.13 1 0
github.com/AlexBurnes/buildfab/pkg/buildfab/actions.go:316.13,318.3 1 0
github.com/AlexBurnes/buildfab/pkg/buildfab/actions.go:319.2,319.22 1 0
github.com/AlexBurnes/buildfab/pkg/buildfab/actions.go:319.22,320.25 1 0
github.com/AlexBurnes/buildfab/pkg/buildfab/actions.go:320.25,322.4 1 0
github.com/AlexBurnes/buildfab/pkg/buildfab/actions.go:324.2,324.13 1 0
github.com/AlexBurnes/buildfab/pkg/buildfab/buildfab.go:121.42,122.11 1 0
github.com/AlexBurnes/buildfab/pkg/buildfab/buildfab.go:123.24,124.19 1 0
github.com/AlexBurnes/buildfab/pkg/buildfab/buildfab.go:125.24,126.19 1 0
github.com/AlexBurnes/buildfab/pkg/buildfab/buildfab.go:127.26,128.21 1 0
github.com/AlexBurnes/buildfab/pkg/buildfab/buildfab.go:129.23,130.18 1 0
github.com/AlexBurnes/buildfab/pkg/buildfab/buildfab.go:131.24,132.19 1 0
github.com/AlexBurnes/buildfab/pkg/buildfab/buildfab.go:133.10,134.19 1 0
github.com/AlexBurnes/buildfab/pkg/buildfab/buildfab.go:161.33,162.11 1 0
github.com/AlexBurnes/buildfab/pkg/buildfab/buildfab.go:163.21,164.19 1 0
github.com/AlexBurnes/buildfab/pkg/buildfab/buildfab.go:165.21,166.19 1 0
github.com/AlexBurnes/buildfab/pkg/buildfab/buildfab.go:167.16,168.14 1 0
github.com/AlexBurnes/buildfab/pkg/buildfab/buildfab.go:169.18,170.16 1 0
github.com/AlexBurnes/buildfab/pkg/buildfab/buildfab.go:171.19,172.17 1 0
github.com/AlexBurnes/buildfab/pkg/buildfab/buildfab.go:173.21,174.19 1 0
github.com/AlexBurnes/buildfab/pkg/buildfab/buildfab.go:175.10,176.19 1 0
github.com/AlexBurnes/buildfab/pkg/buildfab/buildfab.go:198.38,217.2 4 0
github.com/AlexBurnes/buildfab/pkg/buildfab/buildfab.go:241.58,243.2 1 1
github.com/AlexBurnes/buildfab/pkg/buildfab/buildfab.go:246.95,247.17 1 1
github.com/AlexBurnes/buildfab/pkg/buildfab/buildfab.go:247.17,249.3 1 0
github.com/AlexBurnes/buildfab/pkg/buildfab/buildfab.go:252.2,253.56 2 1
github.com/AlexBurnes/buildfab/pkg/buildfab/buildfab.go:253.56,255.3 1 1
github.com/AlexBurnes/buildfab/pkg/buildfab/buildfab.go:256.2,256.22 1 1
github.com/AlexBurnes/buildfab/pkg/buildfab/buildfab.go:256.22,258.3 1 1
github.com/AlexBurnes/buildfab/pkg/buildfab/buildfab.go:262.2,270.3 2 1
github.com/AlexBurnes/buildfab/pkg/buildfab/buildfab.go:274.72,276.13 2 1
github.com/AlexBurnes/buildfab/pkg/buildfab/buildfab.go:276.13,278.3 1 0
github.com/AlexBurnes/buildfab/pkg/buildfab/buildfab.go:283.2,283.43 1 1
github.com/AlexBurnes/buildfab/pkg/buildfab/buildfab.go:287.74,289.64 1 0
github.com/AlexBurnes/buildfab/pkg/buildfab/buildfab.go:289.64,294.20 1 0
github.com/AlexBurnes/buildfab/pkg/buildfab/buildfab.go:294.20,296.34 2 0
github.com/AlexBurnes/buildfab/pkg/buildfab/buildfab.go:296.34,299.5 2 0
github.com/AlexBurnes/buildfab/pkg/buildfab/buildfab.go:300.4,300.14 1 0
github.com/AlexBurnes/buildfab/pkg/buildfab/buildfab.go:304.3,304.33 1 0
github.com/AlexBurnes/buildfab/pkg/buildfab/buildfab.go:304.33,306.4 1 0
github.com/AlexBurnes/buildfab/pkg/buildfab/buildfab.go:308.3,313.33 4 0
github.com/AlexBurnes/buildfab/pkg/buildfab/buildfab.go:313.33,318.36 3 0
github.com/AlexBurnes/buildfab/pkg/buildfab/buildfab.go:318.36,321.19 3 0
github.com/AlexBurnes/buildfab/pkg/buildfab/buildfab.go:321.19,323.6 1 0
github.com/AlexBurnes/buildfab/pkg/buildfab/buildfab.go:324.10,324.42 1 0
github.com/AlexBurnes/buildfab/pkg/buildfab/buildfab.go:324.42,327.5 2 0
github.com/AlexBurnes/buildfab/pkg/buildfab/buildfab.go:327.10,327.45 1 0
github.com/AlexBurnes/buildfab/pkg/buildfab/buildfab.go:327.45,330.5 2 0
github.com/AlexBurnes/buildfab/pkg/buildfab/buildfab.go:330.10,330.25 1 0
github.com/AlexBurnes/buildfab/pkg/buildfab/buildfab.go:330.25,334.5 3 0
github.com/AlexBurnes/buildfab/pkg/buildfab/buildfab.go:336.4,336.86 1 0
github.com/AlexBurnes/buildfab/pkg/buildfab/buildfab.go:339.3,339.13 1 0
github.com/AlexBurnes/buildfab/pkg/buildfab/buildfab.go:343.2,344.13 2 0
github.com/AlexBurnes/buildfab/pkg/buildfab/buildfab.go:344.13,346.3 1 0
github.com/AlexBurnes/buildfab/pkg/buildfab/buildfab.go:352.3,352.20 1 0
github.com/AlexBurnes/buildfab/pkg/buildfab/buildfab.go:352.20,354.34 2 0
github.com/AlexBurnes/buildfab/pkg/buildfab/buildfab.go:354.34,358.19 4 0
github.com/AlexBurnes/buildfab/pkg/buildfab/buildfab.go:358.19,361.6 2 0
github.com/AlexBurnes/buildfab/pkg/buildfab/buildfab.go:362.5,362.80 1 0
github.com/AlexBurnes/buildfab/pkg/buildfab/buildfab.go:364.4,364.14 1 0
github.com/AlexBurnes/buildfab/pkg/buildfab/buildfab.go:368.3,368.33 1 0
github.com/AlexBurnes/buildfab/pkg/buildfab/buildfab.go:368.33,370.4 1 0
github.com/AlexBurnes/buildfab/pkg/buildfab/buildfab.go:372.2,377.32 4 0
github.com/AlexBurnes/buildfab/pkg/buildfab/buildfab.go:377.32,381.17 3 0
github.com/AlexBurnes/buildfab/pkg/buildfab/buildfab.go:381.17,385.4 3 0
github.com/AlexBurnes/buildfab/pkg/buildfab/buildfab.go:387.3,387.85 1 0
github.com/AlexBurnes/buildfab/pkg/buildfab/buildfab.go:390.2,390.12 1 0
github.com/AlexBurnes/buildfab/pkg/buildfab/buildfab.go:394.95,397.2 1 0
github.com/AlexBurnes/buildfab/pkg/buildfab/buildfab.go:400.86,402.13 2 0
github.com/AlexBurnes/buildfab/pkg/buildfab/buildfab.go:402.13,404.3 1 0
github.com/AlexBurnes/buildfab/pkg/buildfab/buildfab.go:407.2,408.35 2 0
github.com/AlexBurnes/buildfab/pkg/buildfab/buildfab.go:408.35,409.30 1 0
github.com/AlexBurnes/buildfab/pkg/buildfab/buildfab.go:409.30,411.9 2 0
github.com/AlexBurnes/buildfab/pkg/buildfab/buildfab.go:415.2,415.23 1 0
github.com/AlexBurnes/buildfab/pkg/buildfab/buildfab.go:415.23,417.3 1 0
github.com/AlexBurnes/buildfab/pkg/buildfab/buildfab.go:420.2,421.13 2 0
github.com/AlexBurnes/buildfab/pkg/buildfab/buildfab.go:421.13,423.3 1 0
github.com/AlexBurnes/buildfab/pkg/buildfab/buildfab.go:426.2,426.32 1 0
github.com/AlexBurnes/buildfab/pkg/buildfab/buildfab.go:426.32,428.3 1 0
github.com/AlexBurnes/buildfab/pkg/buildfab/buildfab.go:430.2,435.32 4 0
github.com/AlexBurnes/buildfab/pkg/buildfab/buildfab.go:435.32,439.17 3 0
github.com/AlexBurnes/buildfab/pkg/buildfab/buildfab.go:439.17,443.4 3 0
github.com/AlexBurnes/buildfab/pkg/buildfab/buildfab.go:445.3,445.83 1 0
github.com/AlexBurnes/buildfab/pkg/buildfab/buildfab.go:448.2,448.12 1 0
github.com/AlexBurnes/buildfab/pkg/buildfab/buildfab.go:452.55,459.20 1 0
github.com/AlexBurnes/buildfab/pkg/buildfab/buildfab.go:459.20,461.3 1 0
github.com/AlexBurnes/buildfab/pkg/buildfab/buildfab.go:464.2,467.17 2 0
github.com/AlexBurnes/buildfab/pkg/buildfab/buildfab.go:468.13,469.20 1 0
github.com/AlexBurnes/buildfab/pkg/buildfab/buildfab.go:469.20,471.4 1 0
github.com/AlexBurnes/buildfab/pkg/buildfab/buildfab.go:472.16,473.20 1 0
github.com/AlexBurnes/buildfab/pkg/buildfab/buildfab.go:473.20,475.4 1 0
github.com/AlexBurnes/buildfab/pkg/buildfab/buildfab.go:476.10,477.52 1 0
github.com/AlexBurnes/buildfab/pkg/buildfab/buildfab.go:481.2,482.27 2 0
github.com/AlexBurnes/buildfab/pkg/buildfab/buildfab.go:482.27,483.39 1 0
github.com/AlexBurnes/buildfab/pkg/buildfab/buildfab.go:483.39,484.23 1 0
github.com/AlexBurnes/buildfab/pkg/buildfab/buildfab.go:484.23,486.5 1 0
github.com/AlexBurnes/buildfab/pkg/buildfab/buildfab.go:487.4,487.9 1 0
github.com/AlexBurnes/buildfab/pkg/buildfab/buildfab.go:492.2,493.16 2 0
github.com/AlexBurnes/buildfab/pkg/buildfab/buildfab.go:493.16,495.3 1 0
github.com/AlexBurnes/buildfab/pkg/buildfab/buildfab.go:498.2,505.17 4 0
github.com/AlexBurnes/buildfab/pkg/buildfab/buildfab.go:506.13,508.41 2 0
github.com/AlexBurnes/buildfab/pkg/buildfab/buildfab.go:510.16,512.43 2 0
github.com/AlexBurnes/buildfab/pkg/buildfab/buildfab.go:514.10,515.52 1 0
github.com/AlexBurnes/buildfab/pkg/buildfab/buildfab.go:520.47,522.2 1 0
github.com/AlexBurnes/buildfab/pkg/buildfab/buildfab.go:525.56,526.35 1 1
github.com/AlexBurnes/buildfab/pkg/buildfab/buildfab.go:526.35,527.26 1 1
github.com/AlexBurnes/buildfab/pkg/buildfab/buildfab.go:527.26,529.4 1 1
github.com/AlexBurnes/buildfab/pkg/buildfab/buildfab.go:531.2,531.24 1 0
github.com/AlexBurnes/buildfab/pkg/buildfab/buildfab.go:535.85,536.26 1 0
github.com/AlexBurnes/buildfab/pkg/buildfab/buildfab.go:536.26,539.3 1 0
github.com/AlexBurnes/buildfab/pkg/buildfab/buildfab.go:542.2,542.37 1 0
github.com/AlexBurnes/buildfab/pkg/buildfab/buildfab.go:542.37,544.17 2 0
github.com/AlexBurnes/buildfab/pkg/buildfab/buildfab.go:544.17,546.4 1 0
github.com/AlexBurnes/buildfab/pkg/buildfab/buildfab.go:548.3,548.14 1 0
github.com/AlexBurnes/buildfab/pkg/buildfab/buildfab.go:548.14,550.4 1 0
github.com/AlexBurnes/buildfab/pkg/buildfab/buildfab.go:554.2,554.17 1 0
github.com/AlexBurnes/buildfab/pkg/buildfab/buildfab.go:558.85,564.2 2 0
github.com/AlexBurnes/buildfab/pkg/buildfab/buildfab.go:567.93,569.19 1 1
github.com/AlexBurnes/buildfab/pkg/buildfab/buildfab.go:569.19,571.3 1 1
github.com/AlexBurnes/buildfab/pkg/buildfab/buildfab.go:574.2,575.16 2 0
github.com/AlexBurnes/buildfab/pkg/buildfab/buildfab.go:575.16,577.3 1 0
github.com/AlexBurnes/buildfab/pkg/buildfab/buildfab.go:579.2,579.27 1 0
github.com/AlexBurnes/buildfab/pkg/buildfab/buildfab.go:583.54,586.2 2 1
github.com/AlexBurnes/buildfab/pkg/buildfab/buildfab.go:589.57,590.23 1 0
github.com/AlexBurnes/buildfab/pkg/buildfab/buildfab.go:590.23,592.3 1 0
github.com/AlexBurnes/buildfab/pkg/buildfab/buildfab.go:593.2,593.33 1 0
github.com/AlexBurnes/buildfab/pkg/buildfab/buildfab.go:597.35,598.26 1 0
github.com/AlexBurnes/buildfab/pkg/buildfab/buildfab.go:598.26,600.3 1 0
github.com/AlexBurnes/buildfab/pkg/buildfab/buildfab.go:603.2,603.31 1 0
github.com/AlexBurnes/buildfab/pkg/buildfab/buildfab.go:603.31,605.3 1 0
github.com/AlexBurnes/buildfab/pkg/buildfab/buildfab.go:607.2,607.25 1 0
github.com/AlexBurnes/buildfab/pkg/buildfab/buildfab.go:607.25,609.3 1 0
github.com/AlexBurnes/buildfab/pkg/buildfab/buildfab.go:612.2,613.35 2 0
github.com/AlexBurnes/buildfab/pkg/buildfab/buildfab.go:613.35,614.24 1 0
github.com/AlexBurnes/buildfab/pkg/buildfab/buildfab.go:614.24,616.4 1 0
github.com/AlexBurnes/buildfab/pkg/buildfab/buildfab.go:619.3,619.31 1 0
github.com/AlexBurnes/buildfab/pkg/buildfab/buildfab.go:619.31,621.44 1 0
github.com/AlexBurnes/buildfab/pkg/buildfab/buildfab.go:621.44,622.27 1 0
github.com/AlexBurnes/buildfab/pkg/buildfab/buildfab.go:622.27,624.6 1 0
github.com/AlexBurnes/buildfab/pkg/buildfab/buildfab.go:626.5,626.48 1 0
github.com/AlexBurnes/buildfab/pkg/buildfab/buildfab.go:626.48,628.6 1 0
github.com/AlexBurnes/buildfab/pkg/buildfab/buildfab.go:630.5,630.48 1 0
github.com/AlexBurnes/buildfab/pkg/buildfab/buildfab.go:630.48,632.6 1 0
github.com/AlexBurnes/buildfab/pkg/buildfab/buildfab.go:634.9,636.72 1 0
github.com/AlexBurnes/buildfab/pkg/buildfab/buildfab.go:636.72,638.5 1 0
github.com/AlexBurnes/buildfab/pkg/buildfab/buildfab.go:640.4,640.45 1 0
github.com/AlexBurnes/buildfab/pkg/buildfab/buildfab.go:640.45,642.5 1 0
github.com/AlexBurnes/buildfab/pkg/buildfab/buildfab.go:644.4,644.74 1 0
github.com/AlexBurnes/buildfab/pkg/buildfab/buildfab.go:644.74,646.5 1 0
github.com/AlexBurnes/buildfab/pkg/buildfab/buildfab.go:649.3,649.31 1 0
github.com/AlexBurnes/buildfab/pkg/buildfab/buildfab.go:649.31,651.4 1 0
github.com/AlexBurnes/buildfab/pkg/buildfab/buildfab.go:652.3,652.34 1 0
github.com/AlexBurnes/buildfab/pkg/buildfab/buildfab.go:656.2,656.41 1 0
github.com/AlexBurnes/buildfab/pkg/buildfab/buildfab.go:656.41,657.28 1 0
github.com/AlexBurnes/buildfab/pkg/buildfab/buildfab.go:657.28,659.4 1 0
github.com/AlexBurnes/buildfab/pkg/buildfab/buildfab.go:661.3,661.36 1 0
github.com/AlexBurnes/buildfab/pkg/buildfab/buildfab.go:661.36,662.25 1 0
github.com/AlexBurnes/buildfab/pkg/buildfab/buildfab.go:662.25,664.5 1 0
github.com/AlexBurnes/buildfab/pkg/buildfab/buildfab.go:666.4,666.33 1 0
github.com/AlexBurnes/buildfab/pkg/buildfab/buildfab.go:666.33,668.5 1 0
github.com/AlexBurnes/buildfab/pkg/buildfab/buildfab.go:670.4,670.78 1 0
github.com/AlexBurnes/buildfab/pkg/buildfab/buildfab.go:670.78,672.5 1 0
github.com/AlexBurnes/buildfab/pkg/buildfab/buildfab.go:675.4,675.40 1 0
github.com/AlexBurnes/buildfab/pkg/buildfab/buildfab.go:675.40,676.132 1 0
github.com/AlexBurnes/buildfab/pkg/buildfab/buildfab.go:676.132,678.6 1 0
github.com/AlexBurnes/buildfab/pkg/buildfab/buildfab.go:683.2,683.12 1 0
github.com/AlexBurnes/buildfab/pkg/buildfab/buildfab.go:687.66,690.18 2 0
github.com/AlexBurnes/buildfab/pkg/buildfab/buildfab.go:690.18,692.3 1 0
github.com/AlexBurnes/buildfab/pkg/buildfab/buildfab.go:694.2,694.29 1 0
github.com/AlexBurnes/buildfab/pkg/buildfab/buildfab.go:694.29,695.19 1 0
github.com/AlexBurnes/buildfab/pkg/buildfab/buildfab.go:695.19,697.4 1 0
github.com/AlexBurnes/buildfab/pkg/buildfab/buildfab.go:700.3,700.25 1 0
github.com/AlexBurnes/buildfab/pkg/buildfab/buildfab.go:700.25,701.20 1 0
github.com/AlexBurnes/buildfab/pkg/buildfab/buildfab.go:701.20,703.5 1 0
github.com/AlexBurnes/buildfab/pkg/buildfab/buildfab.go:706.4,707.15 2 0
github.com/AlexBurnes/buildfab/pkg/buildfab/buildfab.go:707.15,709.5 1 0
github.com/AlexBurnes/buildfab/pkg/buildfab/buildfab.go:712.4,713.45 2 0
github.com/AlexBurnes/buildfab/pkg/buildfab/buildfab.go:713.45,714.42 1 0
github.com/AlexBurnes/buildfab/pkg/buildfab/buildfab.go:714.42,717.6 2 0
github.com/AlexBurnes/buildfab/pkg/buildfab/buildfab.go:722.4,726.18 3 0
github.com/AlexBurnes/buildfab/pkg/buildfab/buildfab.go:726.18,728.5 1 0
github.com/AlexBurnes/buildfab/pkg/buildfab/buildfab.go:731.4,731.66 1 0
github.com/AlexBurnes/buildfab/pkg/buildfab/buildfab.go:731.66,733.5 1 0
github.com/AlexBurnes/buildfab/pkg/buildfab/buildfab.go:735.4,735.20 1 0
github.com/AlexBurnes/buildfab/pkg/buildfab/buildfab.go:735.20,737.44 2 0
github.com/AlexBurnes/buildfab/pkg/buildfab/buildfab.go:737.44,739.6 1 0
github.com/AlexBurnes/buildfab/pkg/buildfab/buildfab.go:743.4,743.57 1 0
github.com/AlexBurnes/buildfab/pkg/buildfab/buildfab.go:744.9,747.4 1 0
github.com/AlexBurnes/buildfab/pkg/buildfab/buildfab.go:750.2,750.18 1 0
github.com/AlexBurnes/buildfab/pkg/buildfab/buildfab.go:750.18,752.3 1 0
github.com/AlexBurnes/buildfab/pkg/buildfab/buildfab.go:754.2,754.27 1 0
github.com/AlexBurnes/buildfab/pkg/buildfab/buildfab.go:758.97,762.18 3 0
github.com/AlexBurnes/buildfab/pkg/buildfab/buildfab.go:762.18,764.3 1 0
github.com/AlexBurnes/buildfab/pkg/buildfab/buildfab.go:766.2,766.29 1 0
github.com/AlexBurnes/buildfab/pkg/buildfab/buildfab.go:766.29,767.19 1 0
github.com/AlexBurnes/buildfab/pkg/buildfab/buildfab.go:767.19,769.4 1 0
github.com/AlexBurnes/buildfab/pkg/buildfab/buildfab.go:772.3,772.25 1 0
github.com/AlexBurnes/buildfab/pkg/buildfab/buildfab.go:772.25,773.20 1 0
github.com/AlexBurnes/buildfab/pkg/buildfab/buildfab.go:773.20,775.5 1 0
github.com/AlexBurnes/buildfab/pkg/buildfab/buildfab.go:778.4,779.15 2 0
github.com/AlexBurnes/buildfab/pkg/buildfab/buildfab.go:779.15,781.5 1 0
github.com/AlexBurnes/buildfab/pkg/buildfab/buildfab.go:784.4,785.45 2 0
github.com/AlexBurnes/buildfab/pkg/buildfab/buildfab.go:785.45,786.42 1 0
github.com/AlexBurnes/buildfab/pkg/buildfab/buildfab.go:786.42,788.6 1 0
github.com/AlexBurnes/buildfab/pkg/buildfab/buildfab.go:792.4,796.18 3 0
github.com/AlexBurnes/buildfab/pkg/buildfab/buildfab.go:796.18,798.5 1 0
github.com/AlexBurnes/buildfab/pkg/buildfab/buildfab.go:801.4,801.66 1 0
github.com/AlexBurnes/buildfab/pkg/buildfab/buildfab.go:801.66,803.5 1 0
github.com/AlexBurnes/buildfab/pkg/buildfab/buildfab.go:805.4,805.20 1 0
github.com/AlexBurnes/buildfab/pkg/buildfab/buildfab.go:805.20,807.44 2 0
github.com/AlexBurnes/buildfab/pkg/buildfab/buildfab.go:807.44,809.6 1 0
github.com/AlexBurnes/buildfab/pkg/buildfab/buildfab.go:813.4,813.57 1 0
github.com/AlexBurnes/buildfab/pkg/buildfab/buildfab.go:814.9,817.4 1 0
github.com/AlexBurnes/buildfab/pkg/buildfab/buildfab.go:820.2,820.51 1 0
github.com/AlexBurnes/buildfab/pkg/buildfab/buildfab.go:824.111,829.18 4 1
github.com/AlexBurnes/buildfab/pkg/buildfab/buildfab.go:829.18,831.3 1 1
github.com/AlexBurnes/buildfab/pkg/buildfab/buildfab.go:833.2,833.29 1 1
github.com/AlexBurnes/buildfab/pkg/buildfab/buildfab.go:833.29,834.19 1 1
github.com/AlexBurnes/buildfab/pkg/buildfab/buildfab.go:834.19,836.4 1 1
github.com/AlexBurnes/buildfab/pkg/buildfab/buildfab.go:839.3,839.25 1 1
github.com/AlexBurnes/buildfab/pkg/buildfab/buildfab.go:839.25,840.20 1 1
github.com/AlexBurnes/buildfab/pkg/buildfab/buildfab.go:840.20,842.5 1 1
github.com/AlexBurnes/buildfab/pkg/buildfab/buildfab.go:845.4,846.15 2 1
github.com/AlexBurnes/buildfab/pkg/buildfab/buildfab.go:846.15,848.5 1 0
github.com/AlexBurnes/buildfab/pkg/buildfab/buildfab.go:851.4,852.45 2 1
github.com/AlexBurnes/buildfab/pkg/buildfab/buildfab.go:852.45,853.42 1 0
github.com/AlexBurnes/buildfab/pkg/buildfab/buildfab.go:853.42,855.6 1 0
github.com/AlexBurnes/buildfab/pkg/buildfab/buildfab.go:859.4,863.18 3 1
github.com/AlexBurnes/buildfab/pkg/buildfab/buildfab.go:863.18,865.5 1 0
github.com/AlexBurnes/buildfab/pkg/buildfab/buildfab.go:868.4,868.66 1 1
github.com/AlexBurnes/buildfab/pkg/buildfab/buildfab.go:868.66,870.5 1 1
github.com/AlexBurnes/buildfab/pkg/buildfab/buildfab.go:873.4,874.32 2 1
github.com/AlexBurnes/buildfab/pkg/buildfab/buildfab.go:874.32,879.59 3 1
github.com/AlexBurnes/buildfab/pkg/buildfab/buildfab.go:879.59,881.6 1 1
github.com/AlexBurnes/buildfab/pkg/buildfab/buildfab.go:882.5,882.23 1 1
github.com/AlexBurnes/buildfab/pkg/buildfab/buildfab.go:882.23,884.6 1 1
github.com/AlexBurnes/buildfab/pkg/buildfab/buildfab.go:886.5,887.50 2 1
github.com/AlexBurnes/buildfab/pkg/buildfab/buildfab.go:887.50,889.22 2 1
github.com/AlexBurnes/buildfab/pkg/buildfab/buildfab.go:889.22,892.7 1 1
github.com/AlexBurnes/buildfab/pkg/buildfab/buildfab.go:893.11,894.22 1 1
github.com/AlexBurnes/buildfab/pkg/buildfab/buildfab.go:894.22,897.7 1 0
github.com/AlexBurnes/buildfab/pkg/buildfab/buildfab.go:900.5,903.32 2 1
github.com/AlexBurnes/buildfab/pkg/buildfab/buildfab.go:903.32,905.6 1 1
github.com/AlexBurnes/buildfab/pkg/buildfab/buildfab.go:907.5,907.21 1 1
github.com/AlexBurnes/buildfab/pkg/buildfab/buildfab.go:907.21,910.6 1 1
github.com/AlexBurnes/buildfab/pkg/buildfab/buildfab.go:913.4,913.20 1 1
github.com/AlexBurnes/buildfab/pkg/buildfab/buildfab.go:913.20,915.44 2 1
github.com/AlexBurnes/buildfab/pkg/buildfab/buildfab.go:915.44,917.6 1 1
github.com/AlexBurnes/buildfab/pkg/buildfab/buildfab.go:921.4,921.57 1 1
github.com/AlexBurnes/buildfab/pkg/buildfab/buildfab.go:922.9,925.4 1 1
github.com/AlexBurnes/buildfab/pkg/buildfab/buildfab.go:928.2,928.18 1 1
github.com/AlexBurnes/buildfab/pkg/buildfab/buildfab.go:928.18,931.3 1 1
github.com/AlexBurnes/buildfab/pkg/buildfab/buildfab.go:933.2,933.64 1 1
github.com/AlexBurnes/buildfab/pkg/buildfab/buildfab.go:937.80,941.18 2 1
github.com/AlexBurnes/buildfab/pkg/buildfab/buildfab.go:941.18,944.3 2 1
github.com/AlexBurnes/buildfab/pkg/buildfab/buildfab.go:947.2,947.19 1 1
github.com/AlexBurnes/buildfab/pkg/buildfab/buildfab.go:947.19,949.3 1 0
github.com/AlexBurnes/buildfab/pkg/buildfab/buildfab.go:952.2,953.58 2 1
github.com/AlexBurnes/buildfab/pkg/buildfab/buildfab.go:953.58,955.3 1 1
github.com/AlexBurnes/buildfab/pkg/buildfab/buildfab.go:956.2,956.22 1 1
github.com/AlexBurnes/buildfab/pkg/buildfab/buildfab.go:956.22,958.3 1 1
github.com/AlexBurnes/buildfab/pkg/buildfab/buildfab.go:959.2,963.16 3 1
github.com/AlexBurnes/buildfab/pkg/buildfab/buildfab.go:963.16,965.3 1 0
github.com/AlexBurnes/buildfab/pkg/buildfab/buildfab.go:968.2,968.51 1 1
github.com/AlexBurnes/buildfab/pkg/buildfab/buildfab.go:968.51,970.19 2 1
github.com/AlexBurnes/buildfab/pkg/buildfab/buildfab.go:970.19,972.4 1 1
github.com/AlexBurnes/buildfab/pkg/buildfab/buildfab.go:976.2,979.32 2 1
github.com/AlexBurnes/buildfab/pkg/buildfab/buildfab.go:979.32,981.76 1 0
github.com/AlexBurnes/buildfab/pkg/buildfab/buildfab.go:981.76,984.4 2 0
github.com/AlexBurnes/buildfab/pkg/buildfab/buildfab.go:985.3,985.56 1 0
github.com/AlexBurnes/buildfab/pkg/buildfab/buildfab.go:989.2,990.16 2 1
github.com/AlexBurnes/buildfab/pkg/buildfab/buildfab.go:990.16,992.3 1 0
github.com/AlexBurnes/buildfab/pkg/buildfab/buildfab.go:995.2,1001.33 3 1
github.com/AlexBurnes/buildfab/pkg/buildfab/buildfab.go:1001.33,1002.35 1 1
github.com/AlexBurnes/buildfab/pkg/buildfab/buildfab.go:1002.35,1004.37 1 0
github.com/AlexBurnes/buildfab/pkg/buildfab/buildfab.go:1004.37,1005.35 1 0
github.com/AlexBurnes/buildfab/pkg/buildfab/buildfab.go:1005.35,1006.32 1 0
github.com/AlexBurnes/buildfab/pkg/buildfab/buildfab.go:1006.32,1008.34 1 0
github.com/AlexBurnes/buildfab/pkg/buildfab/buildfab.go:1008.34,1010.8 1 0
github.com/AlexBurnes/buildfab/pkg/buildfab/buildfab.go:1011.7,1011.15 1 0
github.com/AlexBurnes/buildfab/pkg/buildfab/buildfab.go:1014.6,1014.29 1 0
github.com/AlexBurnes/buildfab/pkg/buildfab/buildfab.go:1014.29,1016.7 1 0
github.com/AlexBurnes/buildfab/pkg/buildfab/buildfab.go:1016.12,1018.7 1 0
github.com/AlexBurnes/buildfab/pkg/buildfab/buildfab.go:1025.2,1025.16 1 1
github.com/AlexBurnes/buildfab/pkg/buildfab/buildfab.go:1025.16,1027.3 1 0
github.com/AlexBurnes/buildfab/pkg/buildfab/buildfab.go:1029.2,1029.12 1 1
github.com/AlexBurnes/buildfab/pkg/buildfab/buildfab.go:1033.96,1043.29 5 0
github.com/AlexBurnes/buildfab/pkg/buildfab/buildfab.go:1043.29,1045.19 1 0
github.com/AlexBurnes/buildfab/pkg/buildfab/buildfab.go:1045.19,1048.4 2 0
github.com/AlexBurnes/buildfab/pkg/buildfab/buildfab.go:1050.3,1051.17 2 0
github.com/AlexBurnes/buildfab/pkg/buildfab/buildfab.go:1051.17,1053.4 1 0
github.com/AlexBurnes/buildfab/pkg/buildfab/buildfab.go:1055.3,1055.21 1 0
github.com/AlexBurnes/buildfab/pkg/buildfab/buildfab.go:1055.21,1057.31 2 0
github.com/AlexBurnes/buildfab/pkg/buildfab/buildfab.go:1057.31,1059.5 1 0
github.com/AlexBurnes/buildfab/pkg/buildfab/buildfab.go:1060.4,1060.12 1 0
github.com/AlexBurnes/buildfab/pkg/buildfab/buildfab.go:1064.3,1064.27 1 0
github.com/AlexBurnes/buildfab/pkg/buildfab/buildfab.go:1064.27,1066.38 2 0
github.com/AlexBurnes/buildfab/pkg/buildfab/buildfab.go:1066.38,1067.41 1 0
github.com/AlexBurnes/buildfab/pkg/buildfab/buildfab.go:1067.41,1068.28 1 0
github.com/AlexBurnes/buildfab/pkg/buildfab/buildfab.go:1068.28,1070.12 2 0
github.com/AlexBurnes/buildfab/pkg/buildfab/buildfab.go:1074.4,1074.20 1 0
github.com/AlexBurnes/buildfab/pkg/buildfab/buildfab.go:1074.20,1076.32 2 0
github.com/AlexBurnes/buildfab/pkg/buildfab/buildfab.go:1076.32,1078.6 1 0
github.com/AlexBurnes/buildfab/pkg/buildfab/buildfab.go:1079.5,1079.13 1 0
github.com/AlexBurnes/buildfab/pkg/buildfab/buildfab.go:1083.3,1087.14 3 0
github.com/AlexBurnes/buildfab/pkg/buildfab/buildfab.go:1087.14,1089.67 1 0
github.com/AlexBurnes/buildfab/pkg/buildfab/buildfab.go:1089.67,1091.32 2 0
github.com/AlexBurnes/buildfab/pkg/buildfab/buildfab.go:1091.32,1093.6 1 0
github.com/AlexBurnes/buildfab/pkg/buildfab/buildfab.go:1094.10,1095.32 1 0
github.com/AlexBurnes/buildfab/pkg/buildfab/buildfab.go:1095.32,1097.6 1 0
github.com/AlexBurnes/buildfab/pkg/buildfab/buildfab.go:1099.9,1102.18 2 0
github.com/AlexBurnes/buildfab/pkg/buildfab/buildfab.go:1102.18,1103.32 1 0
github.com/AlexBurnes/buildfab/pkg/buildfab/buildfab.go:1103.32,1105.6 1 0
github.com/AlexBurnes/buildfab/pkg/buildfab/buildfab.go:1111.2,1120.12 9 0
github.com/AlexBurnes/buildfab/pkg/buildfab/buildfab.go:1124.84,1130.16 3 0
github.com/AlexBurnes/buildfab/pkg/buildfab/buildfab.go:1130.16,1132.3 1 0
github.com/AlexBurnes/buildfab/pkg/buildfab/buildfab.go:1136.2,1142.33 3 0
github.com/AlexBurnes/buildfab/pkg/buildfab/buildfab.go:1142.33,1143.35 1 0
github.com/AlexBurnes/buildfab/pkg/buildfab/buildfab.go:1143.35,1145.31 1 0
github.com/AlexBurnes/buildfab/pkg/buildfab/buildfab.go:1145.31,1146.35 1 0
github.com/AlexBurnes/buildfab/pkg/buildfab/buildfab.go:1146.35,1147.32 1 0
github.com/AlexBurnes/buildfab/pkg/buildfab/buildfab.go:1147.32,1149.34 1 0
github.com/AlexBurnes/buildfab/pkg/buildfab/buildfab.go:1149.34,1151.8 1 0
github.com/AlexBurnes/buildfab/pkg/buildfab/buildfab.go:1152.7,1152.15 1 0
github.com/AlexBurnes/buildfab/pkg/buildfab/buildfab.go:1155.6,1155.29 1 0
github.com/AlexBurnes/buildfab/pkg/buildfab/buildfab.go:1155.29,1157.7 1 0
github.com/AlexBurnes/buildfab/pkg/buildfab/buildfab.go:1157.12,1159.7 1 0
github.com/AlexBurnes/buildfab/pkg/buildfab/buildfab.go:1166.2,1166.16 1 0
github.com/AlexBurnes/buildfab/pkg/buildfab/buildfab.go:1166.16,1168.3 1 0
github.com/AlexBurnes/buildfab/pkg/buildfab/buildfab.go:1170.2,1170.12 1 0
github.com/AlexBurnes/buildfab/pkg/buildfab/buildfab.go:1174.78,1176.18 1 0
github.com/AlexBurnes/buildfab/pkg/buildfab/buildfab.go:1176.18,1179.3 2 0
github.com/AlexBurnes/buildfab/pkg/buildfab/buildfab.go:1182.2,1182.24 1 0
github.com/AlexBurnes/buildfab/pkg/buildfab/buildfab.go:1182.24,1185.3 1 0
github.com/AlexBurnes/buildfab/pkg/buildfab/buildfab.go:1188.2,1189.13 2 0
github.com/AlexBurnes/buildfab/pkg/buildfab/buildfab.go:1189.13,1191.3 1 0
github.com/AlexBurnes/buildfab/pkg/buildfab/buildfab.go:1194.2,1198.16 3 0
github.com/AlexBurnes/buildfab/pkg/buildfab/buildfab.go:1198.16,1200.3 1 0
github.com/AlexBurnes/buildfab/pkg/buildfab/buildfab.go:1202.2,1202.20 1 0
github.com/AlexBurnes/buildfab/pkg/buildfab/buildfab.go:1202.20,1205.3 1 0
github.com/AlexBurnes/buildfab/pkg/buildfab/buildfab.go:1208.2,1209.31 2 0
github.com/AlexBurnes/buildfab/pkg/buildfab/buildfab.go:1209.31,1211.3 1 0
github.com/AlexBurnes/buildfab/pkg/buildfab/buildfab.go:1212.2,1212.26 1 0
github.com/AlexBurnes/buildfab/pkg/buildfab/buildfab.go:1212.26,1214.3 1 0
github.com/AlexBurnes/buildfab/pkg/buildfab/buildfab.go:1217.2,1220.32 2 0
github.com/AlexBurnes/buildfab/pkg/buildfab/buildfab.go:1220.32,1222.3 1 0
github.com/AlexBurnes/buildfab/pkg/buildfab/buildfab.go:1225.2,1225.42 1 0
github.com/AlexBurnes/buildfab/pkg/buildfab/buildfab.go:1229.75,1231.65 1 0
github.com/AlexBurnes/buildfab/pkg/buildfab/buildfab.go:1231.65,1233.33 1 0
github.com/AlexBurnes/buildfab/pkg/buildfab/buildfab.go:1233.33,1235.4 1 0
github.com/AlexBurnes/buildfab/pkg/buildfab/buildfab.go:1238.3,1238.20 1 0
github.com/AlexBurnes/buildfab/pkg/buildfab/buildfab.go:1238.20,1240.34 2 0
github.com/AlexBurnes/buildfab/pkg/buildfab/buildfab.go:1240.34,1242.5 1 0
github.com/AlexBurnes/buildfab/pkg/buildfab/buildfab.go:1243.4,1243.14 1 0
github.com/AlexBurnes/buildfab/pkg/buildfab/buildfab.go:1246.3,1251.33 4 0
github.com/AlexBurnes/buildfab/pkg/buildfab/buildfab.go:1251.33,1256.36 3 0
github.com/AlexBurnes/buildfab/pkg/buildfab/buildfab.go:1256.36,1259.19 3 0
github.com/AlexBurnes/buildfab/pkg/buildfab/buildfab.go:1259.19,1261.6 1 0
github.com/AlexBurnes/buildfab/pkg/buildfab/buildfab.go:1262.10,1262.42 1 0
github.com/AlexBurnes/buildfab/pkg/buildfab/buildfab.go:1262.42,1265.5 2 0
github.com/AlexBurnes/buildfab/pkg/buildfab/buildfab.go:1265.10,1265.45 1 0
github.com/AlexBurnes/buildfab/pkg/buildfab/buildfab.go:1265.45,1268.5 2 0
github.com/AlexBurnes/buildfab/pkg/buildfab/buildfab.go:1268.10,1268.25 1 0
github.com/AlexBurnes/buildfab/pkg/buildfab/buildfab.go:1268.25,1272.5 3 0
github.com/AlexBurnes/buildfab/pkg/buildfab/buildfab.go:1274.4,1274.87 1 0
github.com/AlexBurnes/buildfab/pkg/buildfab/buildfab.go:1277.3,1277.13 1 0
github.com/AlexBurnes/buildfab/pkg/buildfab/buildfab.go:1281.2,1282.13 2 0
github.com/AlexBurnes/buildfab/pkg/buildfab/buildfab.go:1282.13,1284.3 1 0
github.com/AlexBurnes/buildfab/pkg/buildfab/buildfab.go:1287.2,1287.32 1 0
github.com/AlexBurnes/buildfab/pkg/buildfab/buildfab.go:1287.32,1289.3 1 0
github.com/AlexBurnes/buildfab/pkg/buildfab/buildfab.go:1292.2,1292.19 1 0
github.com/AlexBurnes/buildfab/pkg/buildfab/buildfab.go:1292.19,1294.33 2 0
github.com/AlexBurnes/buildfab/pkg/buildfab/buildfab.go:1294.33,1297.18 3 0
github.com/AlexBurnes/buildfab/pkg/buildfab/buildfab.go:1297.18,1300.5 2 0
github.com/AlexBurnes/buildfab/pkg/buildfab/buildfab.go:1301.4,1301.80 1 0
github.com/AlexBurnes/buildfab/pkg/buildfab/buildfab.go:1303.3,1303.13 1 0
github.com/AlexBurnes/buildfab/pkg/buildfab/buildfab.go:1306.2,1311.32 4 0
github.com/AlexBurnes/buildfab/pkg/buildfab/buildfab.go:1311.32,1315.17 3 0
github.com/AlexBurnes/buildfab/pkg/buildfab/buildfab.go:1315.17,1319.4 3 0
github.com/AlexBurnes/buildfab/pkg/buildfab/buildfab.go:1321.3,1321.86 1 0
github.com/AlexBurnes/buildfab/pkg/buildfab/buildfab.go:1324.2,1324.12 1 0
github.com/AlexBurnes/buildfab/pkg/buildfab/buildfab.go:1328.119,1346.12 10 0
github.com/AlexBurnes/buildfab/pkg/buildfab/buildfab.go:1346.12,1348.34 2 0
github.com/AlexBurnes/buildfab/pkg/buildfab/buildfab.go:1348.34,1355.36 6 0
github.com/AlexBurnes/buildfab/pkg/buildfab/buildfab.go:1355.36,1357.5 1 0
github.com/AlexBurnes/buildfab/pkg/buildfab/buildfab.go:1358.4,1358.15 1 0
github.com/AlexBurnes/buildfab/pkg/buildfab/buildfab.go:1363.2,1363.12 1 0
github.com/AlexBurnes/buildfab/pkg/buildfab/buildfab.go:1363.12,1364.16 1 0
github.com/AlexBurnes/buildfab/pkg/buildfab/buildfab.go:1364.16,1366.8 1 0
github.com/AlexBurnes/buildfab/pkg/buildfab/buildfab.go:1366.8,1369.43 3 0
github.com/AlexBurnes/buildfab/pkg/buildfab/buildfab.go:1369.43,1370.21 1 0
github.com/AlexBurnes/buildfab/pkg/buildfab/buildfab.go:1370.21,1372.12 2 0
github.com/AlexBurnes/buildfab/pkg/buildfab/buildfab.go:1375.5,1377.22 2 0
github.com/AlexBurnes/buildfab/pkg/buildfab/buildfab.go:1377.22,1378.11 1 0
github.com/AlexBurnes/buildfab/pkg/buildfab/buildfab.go:1380.5,1380.38 1 0
github.com/AlexBurnes/buildfab/pkg/buildfab/buildfab.go:1382.4,1382.21 1 0
github.com/AlexBurnes/buildfab/pkg/buildfab/buildfab.go:1385.3,1385.7 1 0
github.com/AlexBurnes/buildfab/pkg/buildfab/buildfab.go:1385.7,1387.11 1 0
github.com/AlexBurnes/buildfab/pkg/buildfab/buildfab.go:1388.19,1389.11 1 0
github.com/AlexBurnes/buildfab/pkg/buildfab/buildfab.go:1390.12,1390.12 0 0
github.com/AlexBurnes/buildfab/pkg/buildfab/buildfab.go:1394.4,1396.36 3 0
github.com/AlexBurnes/buildfab/pkg/buildfab/buildfab.go:1396.36,1397.74 1 0
github.com/AlexBurnes/buildfab/pkg/buildfab/buildfab.go:1397.74,1400.44 2 0
github.com/AlexBurnes/buildfab/pkg/buildfab/buildfab.go:1400.44,1401.26 1 0
github.com/AlexBurnes/buildfab/pkg/buildfab/buildfab.go:1401.26,1403.13 2 0
github.com/AlexBurnes/buildfab/pkg/buildfab/buildfab.go:1407.6,1407.26 1 0
github.com/AlexBurnes/buildfab/pkg/buildfab/buildfab.go:1407.26,1409.7 1 0
github.com/AlexBurnes/buildfab/pkg/buildfab/buildfab.go:1412.4,1415.28 2 0
github.com/AlexBurnes/buildfab/pkg/buildfab/buildfab.go:1415.28,1419.31 3 0
github.com/AlexBurnes/buildfab/pkg/buildfab/buildfab.go:1419.31,1420.51 1 0
github.com/AlexBurnes/buildfab/pkg/buildfab/buildfab.go:1420.51,1422.12 2 0
github.com/AlexBurnes/buildfab/pkg/buildfab/buildfab.go:1425.5,1427.16 2 0
github.com/AlexBurnes/buildfab/pkg/buildfab/buildfab.go:1427.16,1429.6 1 0
github.com/AlexBurnes/buildfab/pkg/buildfab/buildfab.go:1432.5,1433.13 2 0
github.com/AlexBurnes/buildfab/pkg/buildfab/buildfab.go:1437.4,1437.40 1 0
github.com/AlexBurnes/buildfab/pkg/buildfab/buildfab.go:1437.40,1439.12 1 0
github.com/AlexBurnes/buildfab/pkg/buildfab/buildfab.go:1440.23,1441.12 1 0
github.com/AlexBurnes/buildfab/pkg/buildfab/buildfab.go:1442.13,1442.13 0 0
github.com/AlexBurnes/buildfab/pkg/buildfab/buildfab.go:1446.5,1453.44 5 0
github.com/AlexBurnes/buildfab/pkg/buildfab/buildfab.go:1453.44,1461.14 4 0
github.com/AlexBurnes/buildfab/pkg/buildfab/buildfab.go:1465.5,1465.40 1 0
github.com/AlexBurnes/buildfab/pkg/buildfab/buildfab.go:1465.40,1473.36 2 0
github.com/AlexBurnes/buildfab/pkg/buildfab/buildfab.go:1473.36,1475.7 1 0
github.com/AlexBurnes/buildfab/pkg/buildfab/buildfab.go:1477.6,1478.14 2 0
github.com/AlexBurnes/buildfab/pkg/buildfab/buildfab.go:1483.5,1484.32 2 0
github.com/AlexBurnes/buildfab/pkg/buildfab/buildfab.go:1484.32,1485.33 1 0
github.com/AlexBurnes/buildfab/pkg/buildfab/buildfab.go:1485.33,1487.12 2 0
github.com/AlexBurnes/buildfab/pkg/buildfab/buildfab.go:1492.5,1496.53 3 0
github.com/AlexBurnes/buildfab/pkg/buildfab/buildfab.go:1496.53,1498.22 2 0
github.com/AlexBurnes/buildfab/pkg/buildfab/buildfab.go:1498.22,1500.7 1 0
github.com/AlexBurnes/buildfab/pkg/buildfab/buildfab.go:1501.11,1503.22 2 0
github.com/AlexBurnes/buildfab/pkg/buildfab/buildfab.go:1503.22,1505.7 1 0
github.com/AlexBurnes/buildfab/pkg/buildfab/buildfab.go:1509.5,1509.45 1 0
github.com/AlexBurnes/buildfab/pkg/buildfab/buildfab.go:1509.45,1512.54 2 0
github.com/AlexBurnes/buildfab/pkg/buildfab/buildfab.go:1512.54,1514.7 1 0
github.com/AlexBurnes/buildfab/pkg/buildfab/buildfab.go:1515.6,1521.26 2 0
github.com/AlexBurnes/buildfab/pkg/buildfab/buildfab.go:1528.2,1528.9 1 0
github.com/AlexBurnes/buildfab/pkg/buildfab/buildfab.go:1529.14,1529.14 0 0
github.com/AlexBurnes/buildfab/pkg/buildfab/buildfab.go:1531.20,1535.36 2 0
github.com/AlexBurnes/buildfab/pkg/buildfab/buildfab.go:1539.2,1539.27 1 0
github.com/AlexBurnes/buildfab/pkg/buildfab/buildfab.go:1543.138,1546.48 1 0
github.com/AlexBurnes/buildfab/pkg/buildfab/buildfab.go:1546.48,1551.28 3 0
github.com/AlexBurnes/buildfab/pkg/buildfab/buildfab.go:1551.28,1555.5 3 0
github.com/AlexBurnes/buildfab/pkg/buildfab/buildfab.go:1558.4,1560.14 2 0
github.com/AlexBurnes/buildfab/pkg/buildfab/buildfab.go:1562.19,1564.20 1 0
github.com/AlexBurnes/buildfab/pkg/buildfab/buildfab.go:1564.20,1566.53 2 0
github.com/AlexBurnes/buildfab/pkg/buildfab/buildfab.go:1566.53,1568.6 1 0
github.com/AlexBurnes/buildfab/pkg/buildfab/buildfab.go:1569.5,1569.103 1 0
github.com/AlexBurnes/buildfab/pkg/buildfab/buildfab.go:1572.31,1574.20 1 0
github.com/AlexBurnes/buildfab/pkg/buildfab/buildfab.go:1574.20,1576.19 2 0
github.com/AlexBurnes/buildfab/pkg/buildfab/buildfab.go:1576.19,1578.6 1 0
github.com/AlexBurnes/buildfab/pkg/buildfab/buildfab.go:1579.5,1580.53 2 0
github.com/AlexBurnes/buildfab/pkg/buildfab/buildfab.go:1580.53,1582.6 1 0
github.com/AlexBurnes/buildfab/pkg/buildfab/buildfab.go:1583.5,1583.116 1 0
github.com/AlexBurnes/buildfab/pkg/buildfab/buildfab.go:1590.120,1595.50 2 0
github.com/AlexBurnes/buildfab/pkg/buildfab/buildfab.go:1595.50,1597.3 1 0
github.com/AlexBurnes/buildfab/pkg/buildfab/buildfab.go:1600.2,1600.18 1 0
github.com/AlexBurnes/buildfab/pkg/buildfab/buildfab.go:1600.18,1602.3 1 0
github.com/AlexBurnes/buildfab/pkg/buildfab/buildfab.go:1604.2,1604.32 1 0
github.com/AlexBurnes/buildfab/pkg/buildfab/buildfab.go:1604.32,1606.3 1 0
github.com/AlexBurnes/buildfab/pkg/buildfab/buildfab.go:1608.2,1616.23 5 0
github.com/AlexBurnes/buildfab/pkg/buildfab/buildfab.go:1616.23,1626.33 4 0
github.com/AlexBurnes/buildfab/pkg/buildfab/buildfab.go:1626.33,1628.4 1 0
github.com/AlexBurnes/buildfab/pkg/buildfab/buildfab.go:1630.3,1630.28 1 0
github.com/AlexBurnes/buildfab/pkg/buildfab/buildfab.go:1634.2,1634.48 1 0
github.com/AlexBurnes/buildfab/pkg/buildfab/buildfab.go:1634.48,1643.33 4 0
github.com/AlexBurnes/buildfab/pkg/buildfab/buildfab.go:1643.33,1645.4 1 0
github.com/AlexBurnes/buildfab/pkg/buildfab/buildfab.go:1647.3,1647.21 1 0
github.com/AlexBurnes/buildfab/pkg/buildfab/buildfab.go:1651.2,1652.20 2 0
github.com/AlexBurnes/buildfab/pkg/buildfab/buildfab.go:1652.20,1660.3 1 0
github.com/AlexBurnes/buildfab/pkg/buildfab/buildfab.go:1662.2,1662.32 1 0
github.com/AlexBurnes/buildfab/pkg/buildfab/buildfab.go:1662.32,1664.3 1 0
github.com/AlexBurnes/buildfab/pkg/buildfab/buildfab.go:1664.8,1666.3 1 0
github.com/AlexBurnes/buildfab/pkg/buildfab/buildfab.go:1667.2,1673.87 3 0
github.com/AlexBurnes/buildfab/pkg/buildfab/buildfab.go:1673.87,1677.3 2 0
github.com/AlexBurnes/buildfab/pkg/buildfab/buildfab.go:1680.2,1680.32 1 0
github.com/AlexBurnes/buildfab/pkg/buildfab/buildfab.go:1680.32,1685.35 3 0
github.com/AlexBurnes/buildfab/pkg/buildfab/buildfab.go:1685.35,1688.18 3 0
github.com/AlexBurnes/buildfab/pkg/buildfab/buildfab.go:1688.18,1690.5 1 0
github.com/AlexBurnes/buildfab/pkg/buildfab/buildfab.go:1691.9,1691.41 1 0
github.com/AlexBurnes/buildfab/pkg/buildfab/buildfab.go:1691.41,1694.4 2 0
github.com/AlexBurnes/buildfab/pkg/buildfab/buildfab.go:1694.9,1694.44 1 0
github.com/AlexBurnes/buildfab/pkg/buildfab/buildfab.go:1694.44,1697.4 2 0
github.com/AlexBurnes/buildfab/pkg/buildfab/buildfab.go:1697.9,1697.24 1 0
github.com/AlexBurnes/buildfab/pkg/buildfab/buildfab.go:1697.24,1701.4 3 0
github.com/AlexBurnes/buildfab/pkg/buildfab/buildfab.go:1703.3,1703.105 1 0
github.com/AlexBurnes/buildfab/pkg/buildfab/buildfab.go:1706.2,1706.20 1 0
github.com/AlexBurnes/buildfab/pkg/buildfab/buildfab.go:1710.92,1715.25 3 0
github.com/AlexBurnes/buildfab/pkg/buildfab/buildfab.go:1715.25,1717.3 1 0
github.com/AlexBurnes/buildfab/pkg/buildfab/buildfab.go:1720.2,1723.30 2 0
github.com/AlexBurnes/buildfab/pkg/buildfab/buildfab.go:1723.30,1725.29 1 0
github.com/AlexBurnes/buildfab/pkg/buildfab/buildfab.go:1725.29,1727.4 1 0
github.com/AlexBurnes/buildfab/pkg/buildfab/buildfab.go:1727.9,1727.36 1 0
github.com/AlexBurnes/buildfab/pkg/buildfab/buildfab.go:1727.36,1729.4 1 0
github.com/AlexBurnes/buildfab/pkg/buildfab/buildfab.go:1732.3,1736.35 3 0
github.com/AlexBurnes/buildfab/pkg/buildfab/buildfab.go:1736.35,1739.4 2 0
github.com/AlexBurnes/buildfab/pkg/buildfab/buildfab.go:1741.3,1744.35 2 0
github.com/AlexBurnes/buildfab/pkg/buildfab/buildfab.go:1744.35,1746.4 1 0
github.com/AlexBurnes/buildfab/pkg/buildfab/buildfab.go:1749.3,1749.46 1 0
github.com/AlexBurnes/buildfab/pkg/buildfab/buildfab.go:1749.46,1751.4 1 0
github.com/AlexBurnes/buildfab/pkg/buildfab/buildfab.go:1752.8,1752.38 1 0
github.com/AlexBurnes/buildfab/pkg/buildfab/buildfab.go:1752.38,1757.51 2 0
github.com/AlexBurnes/buildfab/pkg/buildfab/buildfab.go:1757.51,1759.4 1 0
github.com/AlexBurnes/buildfab/pkg/buildfab/buildfab.go:1762.3,1762.47 1 0
github.com/AlexBurnes/buildfab/pkg/buildfab/buildfab.go:1762.47,1764.4 1 0
github.com/AlexBurnes/buildfab/pkg/buildfab/buildfab.go:1767.3,1767.39 1 0
github.com/AlexBurnes/buildfab/pkg/buildfab/buildfab.go:1767.39,1769.4 1 0
github.com/AlexBurnes/buildfab/pkg/buildfab/buildfab.go:1772.3,1772.40 1 0
github.com/AlexBurnes/buildfab/pkg/buildfab/buildfab.go:1772.40,1774.4 1 0
github.com/AlexBurnes/buildfab/pkg/buildfab/buildfab.go:1777.3,1777.42 1 0
github.com/AlexBurnes/buildfab/pkg/buildfab/buildfab.go:1777.42,1779.4 1 0
github.com/AlexBurnes/buildfab/pkg/buildfab/buildfab.go:1782.3,1783.20 2 0
github.com/AlexBurnes/buildfab/pkg/buildfab/buildfab.go:1783.20,1785.4 1 0
github.com/AlexBurnes/buildfab/pkg/buildfab/buildfab.go:1786.3,1786.33 1 0
github.com/AlexBurnes/buildfab/pkg/buildfab/buildfab.go:1787.8,1793.39 3 0
github.com/AlexBurnes/buildfab/pkg/buildfab/buildfab.go:1793.39,1794.73 1 0
github.com/AlexBurnes/buildfab/pkg/buildfab/buildfab.go:1794.73,1796.10 2 0
github.com/AlexBurnes/buildfab/pkg/buildfab/buildfab.go:1801.3,1801.24 1 0
github.com/AlexBurnes/buildfab/pkg/buildfab/buildfab.go:1801.24,1803.4 1 0
github.com/AlexBurnes/buildfab/pkg/buildfab/buildfab.go:1806.3,1806.39 1 0
github.com/AlexBurnes/buildfab/pkg/buildfab/buildfab.go:1806.39,1808.16 2 0
github.com/AlexBurnes/buildfab/pkg/buildfab/buildfab.go:1808.16,1810.5 1 0
github.com/AlexBurnes/buildfab/pkg/buildfab/buildfab.go:1811.4,1811.35 1 0
github.com/AlexBurnes/buildfab/pkg/buildfab/buildfab.go:1815.3,1815.27 1 0
github.com/AlexBurnes/buildfab/pkg/buildfab/buildfab.go:1815.27,1817.4 1 0
github.com/AlexBurnes/buildfab/pkg/buildfab/buildfab.go:1820.3,1823.23 2 0
github.com/AlexBurnes/buildfab/pkg/buildfab/buildfab.go:1823.23,1825.28 2 0
github.com/AlexBurnes/buildfab/pkg/buildfab/buildfab.go:1825.28,1827.5 1 0
github.com/AlexBurnes/buildfab/pkg/buildfab/buildfab.go:1828.4,1828.49 1 0
github.com/AlexBurnes/buildfab/pkg/buildfab/buildfab.go:1829.9,1829.36 1 0
github.com/AlexBurnes/buildfab/pkg/buildfab/buildfab.go:1829.36,1831.28 2 0
github.com/AlexBurnes/buildfab/pkg/buildfab/buildfab.go:1831.28,1833.5 1 0
github.com/AlexBurnes/buildfab/pkg/buildfab/buildfab.go:1834.4,1834.49 1 0
github.com/AlexBurnes/buildfab/pkg/buildfab/buildfab.go:1835.9,1835.35 1 0
github.com/AlexBurnes/buildfab/pkg/buildfab/buildfab.go:1835.35,1837.28 2 0
github.com/AlexBurnes/buildfab/pkg/buildfab/buildfab.go:1837.28,1839.5 1 0
github.com/AlexBurnes/buildfab/pkg/buildfab/buildfab.go:1840.4,1840.49 1 0
github.com/AlexBurnes/buildfab/pkg/buildfab/buildfab.go:1844.2,1844.33 1 0
github.com/AlexBurnes/buildfab/pkg/buildfab/buildfab.go:1848.77,1851.16 2 1
github.com/AlexBurnes/buildfab/pkg/buildfab/buildfab.go:1851.16,1853.30 1 0
github.com/AlexBurnes/buildfab/pkg/buildfab/buildfab.go:1853.30,1855.4 1 0
github.com/AlexBurnes/buildfab/pkg/buildfab/buildfab.go:1856.3,1856.15 1 0
github.com/AlexBurnes/buildfab/pkg/buildfab/buildfab.go:1858.2,1858.22 1 1
github.com/AlexBurnes/buildfab/pkg/buildfab/buildfab.go:1879.75,1885.31 4 0
github.com/AlexBurnes/buildfab/pkg/buildfab/buildfab.go:1885.31,1886.30 1 0
github.com/AlexBurnes/buildfab/pkg/buildfab/buildfab.go:1886.30,1888.9 2 0
github.com/AlexBurnes/buildfab/pkg/buildfab/buildfab.go:1892.2,1892.21 1 0
github.com/AlexBurnes/buildfab/pkg/buildfab/buildfab.go:1892.21,1895.3 1 0
github.com/AlexBurnes/buildfab/pkg/buildfab/buildfab.go:1899.2,1899.33 1 0
github.com/AlexBurnes/buildfab/pkg/buildfab/buildfab.go:1899.33,1900.38 1 0
github.com/AlexBurnes/buildfab/pkg/buildfab/buildfab.go:1900.38,1903.4 1 0
github.com/AlexBurnes/buildfab/pkg/buildfab/buildfab.go:1907.2,1907.27 1 0
github.com/AlexBurnes/buildfab/pkg/buildfab/buildfab.go:1907.27,1910.3 1 0
github.com/AlexBurnes/buildfab/pkg/buildfab/buildfab.go:1913.2,1913.13 1 0
github.com/AlexBurnes/buildfab/pkg/buildfab/buildfab.go:1917.76,1923.31 4 0
github.com/AlexBurnes/buildfab/pkg/buildfab/buildfab.go:1923.31,1924.30 1 0
github.com/AlexBurnes/buildfab/pkg/buildfab/buildfab.go:1924.30,1926.9 2 0
github.com/AlexBurnes/buildfab/pkg/buildfab/buildfab.go:1930.2,1930.21 1 0
github.com/AlexBurnes/buildfab/pkg/buildfab/buildfab.go:1930.21,1932.3 1 0
github.com/AlexBurnes/buildfab/pkg/buildfab/buildfab.go:1935.2,1935.33 1 0
github.com/AlexBurnes/buildfab/pkg/buildfab/buildfab.go:1935.33,1936.36 1 0
github.com/AlexBurnes/buildfab/pkg/buildfab/buildfab.go:1936.36,1938.4 1 0
github.com/AlexBurnes/buildfab/pkg/buildfab/buildfab.go:1941.2,1941.13 1 0
github.com/AlexBurnes/buildfab/pkg/buildfab/buildfab.go:1945.67,1949.2 3 0
github.com/AlexBurnes/buildfab/pkg/buildfab/buildfab.go:1952.70,1956.29 2 1
github.com/AlexBurnes/buildfab/pkg/buildfab/buildfab.go:1956.29,1958.14 2 1
github.com/AlexBurnes/buildfab/pkg/buildfab/buildfab.go:1958.14,1960.4 1 0
github.com/AlexBurnes/buildfab/pkg/buildfab/buildfab.go:1963.3,1972.23 3 1
github.com/AlexBurnes/buildfab/pkg/buildfab/buildfab.go:1976.2,1976.27 1 1
github.com/AlexBurnes/buildfab/pkg/buildfab/buildfab.go:1976.27,1977.41 1 1
github.com/AlexBurnes/buildfab/pkg/buildfab/buildfab.go:1977.41,1978.43 1 1
github.com/AlexBurnes/buildfab/pkg/buildfab/buildfab.go:1978.43,1980.5 1 1
github.com/AlexBurnes/buildfab/pkg/buildfab/buildfab.go:1980.10,1982.5 1 0
github.com/AlexBurnes/buildfab/pkg/buildfab/buildfab.go:1987.2,1987.44 1 1
github.com/AlexBurnes/buildfab/pkg/buildfab/buildfab.go:1987.44,1989.3 1 0
github.com/AlexBurnes/buildfab/pkg/buildfab/buildfab.go:1991.2,1991.17 1 1
github.com/AlexBurnes/buildfab/pkg/buildfab/buildfab.go:1995.62,2000.36 4 1
github.com/AlexBurnes/buildfab/pkg/buildfab/buildfab.go:2000.36,2001.25 1 1
github.com/AlexBurnes/buildfab/pkg/buildfab/buildfab.go:2001.25,2003.4 1 0
github.com/AlexBurnes/buildfab/pkg/buildfab/buildfab.go:2004.3,2004.24 1 1
github.com/AlexBurnes/buildfab/pkg/buildfab/buildfab.go:2004.24,2006.4 1 1
github.com/AlexBurnes/buildfab/pkg/buildfab/buildfab.go:2008.3,2010.16 3 1
github.com/AlexBurnes/buildfab/pkg/buildfab/buildfab.go:2010.16,2010.46 1 1
github.com/AlexBurnes/buildfab/pkg/buildfab/buildfab.go:2012.3,2013.41 2 1
github.com/AlexBurnes/buildfab/pkg/buildfab/buildfab.go:2013.41,2014.35 1 1
github.com/AlexBurnes/buildfab/pkg/buildfab/buildfab.go:2014.35,2016.5 1 0
github.com/AlexBurnes/buildfab/pkg/buildfab/buildfab.go:2019.3,2019.13 1 1
github.com/AlexBurnes/buildfab/pkg/buildfab/buildfab.go:2022.2,2022.28 1 1
github.com/AlexBurnes/buildfab/pkg/buildfab/buildfab.go:2022.28,2023.25 1 1
github.com/AlexBurnes/buildfab/pkg/buildfab/buildfab.go:2023.25,2024.40 1 1
github.com/AlexBurnes/buildfab/pkg/buildfab/buildfab.go:2024.40,2026.5 1 0
github.com/AlexBurnes/buildfab/pkg/buildfab/buildfab.go:2030.2,2030.12 1 1
github.com/AlexBurnes/buildfab/pkg/buildfab/buildfab.go:2034.167,2063.12 13 1
github.com/AlexBurnes/buildfab/pkg/buildfab/buildfab.go:2063.12,2065.34 2 1
github.com/AlexBurnes/buildfab/pkg/buildfab/buildfab.go:2065.34,2072.36 6 1
github.com/AlexBurnes/buildfab/pkg/buildfab/buildfab.go:2072.36,2074.5 1 0
github.com/AlexBurnes/buildfab/pkg/buildfab/buildfab.go:2075.4,2081.83 3 1
github.com/AlexBurnes/buildfab/pkg/buildfab/buildfab.go:2086.2,2086.12 1 1
github.com/AlexBurnes/buildfab/pkg/buildfab/buildfab.go:2086.12,2087.16 1 1
github.com/AlexBurnes/buildfab/pkg/buildfab/buildfab.go:2087.16,2089.8 1 1
github.com/AlexBurnes/buildfab/pkg/buildfab/buildfab.go:2089.8,2092.31 3 1
github.com/AlexBurnes/buildfab/pkg/buildfab/buildfab.go:2092.31,2093.29 1 1
github.com/AlexBurnes/buildfab/pkg/buildfab/buildfab.go:2093.29,2095.12 2 1
github.com/AlexBurnes/buildfab/pkg/buildfab/buildfab.go:2098.5,2100.16 2 1
github.com/AlexBurnes/buildfab/pkg/buildfab/buildfab.go:2100.16,2101.11 1 1
github.com/AlexBurnes/buildfab/pkg/buildfab/buildfab.go:2105.5,2105.12 1 1
github.com/AlexBurnes/buildfab/pkg/buildfab/buildfab.go:2106.20,2108.12 2 0
github.com/AlexBurnes/buildfab/pkg/buildfab/buildfab.go:2109.46,2109.46 0 1
github.com/AlexBurnes/buildfab/pkg/buildfab/buildfab.go:2113.4,2113.21 1 1
github.com/AlexBurnes/buildfab/pkg/buildfab/buildfab.go:2116.3,2116.7 1 1
github.com/AlexBurnes/buildfab/pkg/buildfab/buildfab.go:2116.7,2118.11 1 1
github.com/AlexBurnes/buildfab/pkg/buildfab/buildfab.go:2119.19,2120.11 1 0
github.com/AlexBurnes/buildfab/pkg/buildfab/buildfab.go:2121.12,2121.12 0 1
github.com/AlexBurnes/buildfab/pkg/buildfab/buildfab.go:2125.4,2129.28 4 1
github.com/AlexBurnes/buildfab/pkg/buildfab/buildfab.go:2129.28,2133.31 3 1
github.com/AlexBurnes/buildfab/pkg/buildfab/buildfab.go:2133.31,2134.54 1 1
github.com/AlexBurnes/buildfab/pkg/buildfab/buildfab.go:2134.54,2136.12 2 1
github.com/AlexBurnes/buildfab/pkg/buildfab/buildfab.go:2139.5,2141.16 2 1
github.com/AlexBurnes/buildfab/pkg/buildfab/buildfab.go:2141.16,2142.11 1 1
github.com/AlexBurnes/buildfab/pkg/buildfab/buildfab.go:2146.5,2146.12 1 1
github.com/AlexBurnes/buildfab/pkg/buildfab/buildfab.go:2147.20,2148.12 1 0
github.com/AlexBurnes/buildfab/pkg/buildfab/buildfab.go:2149.46,2149.46 0 1
github.com/AlexBurnes/buildfab/pkg/buildfab/buildfab.go:2152.5,2152.13 1 1
github.com/AlexBurnes/buildfab/pkg/buildfab/buildfab.go:2156.4,2156.40 1 1
github.com/AlexBurnes/buildfab/pkg/buildfab/buildfab.go:2156.40,2158.12 1 1
github.com/AlexBurnes/buildfab/pkg/buildfab/buildfab.go:2159.20,2160.12 1 0
github.com/AlexBurnes/buildfab/pkg/buildfab/buildfab.go:2161.13,2161.13 0 1
github.com/AlexBurnes/buildfab/pkg/buildfab/buildfab.go:2165.5,2172.44 5 1
github.com/AlexBurnes/buildfab/pkg/buildfab/buildfab.go:2172.44,2179.13 3 0
github.com/AlexBurnes/buildfab/pkg/buildfab/buildfab.go:2180.32,2180.32 0 0
github.com/AlexBurnes/buildfab/pkg/buildfab/buildfab.go:2181.21,2182.13 1 0
github.com/AlexBurnes/buildfab/pkg/buildfab/buildfab.go:2184.6,2184.14 1 0
github.com/AlexBurnes/buildfab/pkg/buildfab/buildfab.go:2188.5,2188.40 1 1
github.com/AlexBurnes/buildfab/pkg/buildfab/buildfab.go:2188.40,2196.36 2 0
github.com/AlexBurnes/buildfab/pkg/buildfab/buildfab.go:2196.36,2198.7 1 0
github.com/AlexBurnes/buildfab/pkg/buildfab/buildfab.go:2200.6,2200.13 1 0
github.com/AlexBurnes/buildfab/pkg/buildfab/buildfab.go:2201.32,2201.32 0 0
github.com/AlexBurnes/buildfab/pkg/buildfab/buildfab.go:2202.21,2203.13 1 0
github.com/AlexBurnes/buildfab/pkg/buildfab/buildfab.go:2205.6,2205.14 1 0
github.com/AlexBurnes/buildfab/pkg/buildfab/buildfab.go:2210.5,2211.32 2 1
github.com/AlexBurnes/buildfab/pkg/buildfab/buildfab.go:2211.32,2212.33 1 1
github.com/AlexBurnes/buildfab/pkg/buildfab/buildfab.go:2212.33,2214.12 2 1
github.com/AlexBurnes/buildfab/pkg/buildfab/buildfab.go:2219.5,2221.53 3 1
github.com/AlexBurnes/buildfab/pkg/buildfab/buildfab.go:2221.53,2224.22 3 1
github.com/AlexBurnes/buildfab/pkg/buildfab/buildfab.go:2224.22,2226.7 1 1
github.com/AlexBurnes/buildfab/pkg/buildfab/buildfab.go:2227.11,2229.22 2 1
github.com/AlexBurnes/buildfab/pkg/buildfab/buildfab.go:2229.22,2231.7 1 1
github.com/AlexBurnes/buildfab/pkg/buildfab/buildfab.go:2235.5,2237.51 1 1
github.com/AlexBurnes/buildfab/pkg/buildfab/buildfab.go:2237.51,2242.51 3 1
github.com/AlexBurnes/buildfab/pkg/buildfab/buildfab.go:2242.51,2244.8 1 0
github.com/AlexBurnes/buildfab/pkg/buildfab/buildfab.go:2246.7,2246.14 1 1
github.com/AlexBurnes/buildfab/pkg/buildfab/buildfab.go:2247.33,2247.33 0 1
github.com/AlexBurnes/buildfab/pkg/buildfab/buildfab.go:2248.22,2248.22 0 0
github.com/AlexBurnes/buildfab/pkg/buildfab/buildfab.go:2251.7,2251.17 1 1
github.com/AlexBurnes/buildfab/pkg/buildfab/buildfab.go:2253.22,2254.23 1 1
github.com/AlexBurnes/buildfab/pkg/buildfab/buildfab.go:2254.23,2256.8 1 1
github.com/AlexBurnes/buildfab/pkg/buildfab/buildfab.go:2258.34,2259.23 1 1
github.com/AlexBurnes/buildfab/pkg/buildfab/buildfab.go:2259.23,2261.22 2 1
github.com/AlexBurnes/buildfab/pkg/buildfab/buildfab.go:2261.22,2263.9 1 0
github.com/AlexBurnes/buildfab/pkg/buildfab/buildfab.go:2264.8,2264.98 1 1
github.com/AlexBurnes/buildfab/pkg/buildfab/buildfab.go:2270.5,2270.45 1 1
github.com/AlexBurnes/buildfab/pkg/buildfab/buildfab.go:2270.45,2278.13 2 0
github.com/AlexBurnes/buildfab/pkg/buildfab/buildfab.go:2279.32,2279.32 0 0
github.com/AlexBurnes/buildfab/pkg/buildfab/buildfab.go:2280.21,2280.21 0 0
github.com/AlexBurnes/buildfab/pkg/buildfab/buildfab.go:2285.5,2285.84 1 1
github.com/AlexBurnes/buildfab/pkg/buildfab/buildfab.go:2291.2,2291.9 1 1
github.com/AlexBurnes/buildfab/pkg/buildfab/buildfab.go:2292.14,2295.60 1 1
github.com/AlexBurnes/buildfab/pkg/buildfab/buildfab.go:2296.20,2302.60 3 0
github.com/AlexBurnes/buildfab/pkg/buildfab/buildfab.go:2305.2,2305.27 1 1
github.com/AlexBurnes/buildfab/pkg/buildfab/buildfab.go:2309.185,2311.29 1 1
github.com/AlexBurnes/buildfab/pkg/buildfab/buildfab.go:2311.29,2312.30 1 1
github.com/AlexBurnes/buildfab/pkg/buildfab/buildfab.go:2312.30,2314.55 1 1
github.com/AlexBurnes/buildfab/pkg/buildfab/buildfab.go:2314.55,2316.60 1 1
github.com/AlexBurnes/buildfab/pkg/buildfab/buildfab.go:2316.60,2319.6 2 0
github.com/AlexBurnes/buildfab/pkg/buildfab/buildfab.go:2322.5,2322.31 1 1
github.com/AlexBurnes/buildfab/pkg/buildfab/buildfab.go:2322.31,2324.6 1 1
github.com/AlexBurnes/buildfab/pkg/buildfab/buildfab.go:2325.5,2325.10 1 1
github.com/AlexBurnes/buildfab/pkg/buildfab/buildfab.go:2332.172,2334.29 1 1
github.com/AlexBurnes/buildfab/pkg/buildfab/buildfab.go:2334.29,2335.30 1 1
github.com/AlexBurnes/buildfab/pkg/buildfab/buildfab.go:2335.30,2337.55 1 1
github.com/AlexBurnes/buildfab/pkg/buildfab/buildfab.go:2337.55,2340.77 1 1
github.com/AlexBurnes/buildfab/pkg/buildfab/buildfab.go:2340.77,2342.36 1 1
github.com/AlexBurnes/buildfab/pkg/buildfab/buildfab.go:2342.36,2345.58 1 0
github.com/AlexBurnes/buildfab/pkg/buildfab/buildfab.go:2345.58,2347.8 1 0
github.com/AlexBurnes/buildfab/pkg/buildfab/buildfab.go:2351.6,2351.36 1 1
github.com/AlexBurnes/buildfab/pkg/buildfab/buildfab.go:2351.36,2355.38 3 0
github.com/AlexBurnes/buildfab/pkg/buildfab/buildfab.go:2355.38,2358.8 2 0
github.com/AlexBurnes/buildfab/pkg/buildfab/buildfab.go:2358.13,2358.46 1 0
github.com/AlexBurnes/buildfab/pkg/buildfab/buildfab.go:2358.46,2361.8 2 0
github.com/AlexBurnes/buildfab/pkg/buildfab/buildfab.go:2361.13,2361.48 1 0
github.com/AlexBurnes/buildfab/pkg/buildfab/buildfab.go:2361.48,2364.8 2 0
github.com/AlexBurnes/buildfab/pkg/buildfab/buildfab.go:2366.7,2366.113 1 0
github.com/AlexBurnes/buildfab/pkg/buildfab/buildfab.go:2368.6,2368.32 1 1
github.com/AlexBurnes/buildfab/pkg/buildfab/buildfab.go:2371.4,2371.9 1 1
github.com/AlexBurnes/buildfab/pkg/buildfab/buildfab.go:2377.97,2380.26 2 1
github.com/AlexBurnes/buildfab/pkg/buildfab/buildfab.go:2380.26,2381.30 1 1
github.com/AlexBurnes/buildfab/pkg/buildfab/buildfab.go:2381.30,2383.9 2 1
github.com/AlexBurnes/buildfab/pkg/buildfab/buildfab.go:2387.2,2387.21 1 1
github.com/AlexBurnes/buildfab/pkg/buildfab/buildfab.go:2387.21,2389.3 1 0
github.com/AlexBurnes/buildfab/pkg/buildfab/buildfab.go:2392.2,2392.33 1 1
github.com/AlexBurnes/buildfab/pkg/buildfab/buildfab.go:2392.33,2393.34 1 1
github.com/AlexBurnes/buildfab/pkg/buildfab/buildfab.go:2393.34,2395.4 1 1
github.com/AlexBurnes/buildfab/pkg/buildfab/buildfab.go:2398.2,2398.13 1 1
github.com/AlexBurnes/buildfab/pkg/buildfab/buildfab.go:2402.131,2403.29 1 1
github.com/AlexBurnes/buildfab/pkg/buildfab/buildfab.go:2403.29,2404.30 1 1
github.com/AlexBurnes/buildfab/pkg/buildfab/buildfab.go:2404.30,2405.56 1 1
github.com/AlexBurnes/buildfab/pkg/buildfab/buildfab.go:2405.56,2406.35 1 1
github.com/AlexBurnes/buildfab/pkg/buildfab/buildfab.go:2406.35,2410.37 3 0
github.com/AlexBurnes/buildfab/pkg/buildfab/buildfab.go:2410.37,2413.7 2 0
github.com/AlexBurnes/buildfab/pkg/buildfab/buildfab.go:2413.12,2413.45 1 0
github.com/AlexBurnes/buildfab/pkg/buildfab/buildfab.go:2413.45,2416.7 2 0
github.com/AlexBurnes/buildfab/pkg/buildfab/buildfab.go:2416.12,2416.47 1 0
github.com/AlexBurnes/buildfab/pkg/buildfab/buildfab.go:2416.47,2419.7 2 0
github.com/AlexBurnes/buildfab/pkg/buildfab/buildfab.go:2421.6,2421.115 1 0
github.com/AlexBurnes/buildfab/pkg/buildfab/buildfab.go:2423.5,2423.34 1 1
github.com/AlexBurnes/buildfab/pkg/buildfab/buildfab.go:2430.119,2448.12 10 0
github.com/AlexBurnes/buildfab/pkg/buildfab/buildfab.go:2448.12,2450.34 2 0
github.com/AlexBurnes/buildfab/pkg/buildfab/buildfab.go:2450.34,2457.36 6 0
github.com/AlexBurnes/buildfab/pkg/buildfab/buildfab.go:2457.36,2459.5 1 0
github.com/AlexBurnes/buildfab/pkg/buildfab/buildfab.go:2460.4,2460.15 1 0
github.com/AlexBurnes/buildfab/pkg/buildfab/buildfab.go:2465.2,2465.12 1 0
github.com/AlexBurnes/buildfab/pkg/buildfab/buildfab.go:2465.12,2466.16 1 0
github.com/AlexBurnes/buildfab/pkg/buildfab/buildfab.go:2466.16,2468.8 1 0
github.com/AlexBurnes/buildfab/pkg/buildfab/buildfab.go:2468.8,2471.31 3 0
github.com/AlexBurnes/buildfab/pkg/buildfab/buildfab.go:2471.31,2472.29 1 0
github.com/AlexBurnes/buildfab/pkg/buildfab/buildfab.go:2472.29,2474.12 2 0
github.com/AlexBurnes/buildfab/pkg/buildfab/buildfab.go:2477.5,2479.16 2 0
github.com/AlexBurnes/buildfab/pkg/buildfab/buildfab.go:2479.16,2480.11 1 0
github.com/AlexBurnes/buildfab/pkg/buildfab/buildfab.go:2484.5,2484.12 1 0
github.com/AlexBurnes/buildfab/pkg/buildfab/buildfab.go:2485.20,2487.12 2 0
github.com/AlexBurnes/buildfab/pkg/buildfab/buildfab.go:2488.46,2488.46 0 0
github.com/AlexBurnes/buildfab/pkg/buildfab/buildfab.go:2492.4,2492.21 1 0
github.com/AlexBurnes/buildfab/pkg/buildfab/buildfab.go:2495.3,2495.7 1 0
github.com/AlexBurnes/buildfab/pkg/buildfab/buildfab.go:2495.7,2497.11 1 0
github.com/AlexBurnes/buildfab/pkg/buildfab/buildfab.go:2498.19,2499.11 1 0
github.com/AlexBurnes/buildfab/pkg/buildfab/buildfab.go:2500.12,2500.12 0 0
github.com/AlexBurnes/buildfab/pkg/buildfab/buildfab.go:2504.4,2508.28 4 0
github.com/AlexBurnes/buildfab/pkg/buildfab/buildfab.go:2508.28,2512.31 3 0
github.com/AlexBurnes/buildfab/pkg/buildfab/buildfab.go:2512.31,2513.54 1 0
github.com/AlexBurnes/buildfab/pkg/buildfab/buildfab.go:2513.54,2515.12 2 0
github.com/AlexBurnes/buildfab/pkg/buildfab/buildfab.go:2518.5,2520.16 2 0
github.com/AlexBurnes/buildfab/pkg/buildfab/buildfab.go:2520.16,2521.11 1 0
github.com/AlexBurnes/buildfab/pkg/buildfab/buildfab.go:2525.5,2525.12 1 0
github.com/AlexBurnes/buildfab/pkg/buildfab/buildfab.go:2526.20,2527.12 1 0
github.com/AlexBurnes/buildfab/pkg/buildfab/buildfab.go:2528.46,2528.46 0 0
github.com/AlexBurnes/buildfab/pkg/buildfab/buildfab.go:2531.5,2531.13 1 0
github.com/AlexBurnes/buildfab/pkg/buildfab/buildfab.go:2535.4,2535.40 1 0
github.com/AlexBurnes/buildfab/pkg/buildfab/buildfab.go:2535.40,2537.12 1 0
github.com/AlexBurnes/buildfab/pkg/buildfab/buildfab.go:2538.20,2539.12 1 0
github.com/AlexBurnes/buildfab/pkg/buildfab/buildfab.go:2540.13,2540.13 0 0
github.com/AlexBurnes/buildfab/pkg/buildfab/buildfab.go:2544.5,2551.44 5 0
github.com/AlexBurnes/buildfab/pkg/buildfab/buildfab.go:2551.44,2558.13 3 0
github.com/AlexBurnes/buildfab/pkg/buildfab/buildfab.go:2559.32,2559.32 0 0
github.com/AlexBurnes/buildfab/pkg/buildfab/buildfab.go:2560.21,2561.13 1 0
github.com/AlexBurnes/buildfab/pkg/buildfab/buildfab.go:2563.6,2563.14 1 0
github.com/AlexBurnes/buildfab/pkg/buildfab/buildfab.go:2567.5,2567.40 1 0
github.com/AlexBurnes/buildfab/pkg/buildfab/buildfab.go:2567.40,2575.36 2 0
github.com/AlexBurnes/buildfab/pkg/buildfab/buildfab.go:2575.36,2577.7 1 0
github.com/AlexBurnes/buildfab/pkg/buildfab/buildfab.go:2579.6,2579.13 1 0
github.com/AlexBurnes/buildfab/pkg/buildfab/buildfab.go:2580.32,2580.32 0 0
github.com/AlexBurnes/buildfab/pkg/buildfab/buildfab.go:2581.21,2582.13 1 0
github.com/AlexBurnes/buildfab/pkg/buildfab/buildfab.go:2584.6,2584.14 1 0
github.com/AlexBurnes/buildfab/pkg/buildfab/buildfab.go:2588.5,2588.45 1 0
github.com/AlexBurnes/buildfab/pkg/buildfab/buildfab.go:2588.45,2592.13 3 0
github.com/AlexBurnes/buildfab/pkg/buildfab/buildfab.go:2593.32,2593.32 0 0
github.com/AlexBurnes/buildfab/pkg/buildfab/buildfab.go:2594.21,2595.13 1 0
github.com/AlexBurnes/buildfab/pkg/buildfab/buildfab.go:2603.1,2603.8 1 0
github.com/AlexBurnes/buildfab/pkg/buildfab/buildfab.go:2604.13,2604.13 0 0
github.com/AlexBurnes/buildfab/pkg/buildfab/buildfab.go:2606.19,2610.35 2 0
github.com/AlexBurnes/buildfab/pkg/buildfab/buildfab.go:2614.1,2614.26 1 0
github.com/AlexBurnes/buildfab/pkg/buildfab/buildfab.go:2618.150,2621.34 2 1
github.com/AlexBurnes/buildfab/pkg/buildfab/buildfab.go:2621.34,2622.49 1 1
github.com/AlexBurnes/buildfab/pkg/buildfab/buildfab.go:2622.49,2623.12 1 1
github.com/AlexBurnes/buildfab/pkg/buildfab/buildfab.go:2627.3,2627.50 1 1
github.com/AlexBurnes/buildfab/pkg/buildfab/buildfab.go:2627.50,2629.4 1 1
github.com/AlexBurnes/buildfab/pkg/buildfab/buildfab.go:2632.2,2632.14 1 1
github.com/AlexBurnes/buildfab/pkg/buildfab/buildfab.go:2636.90,2637.40 1 1
github.com/AlexBurnes/buildfab/pkg/buildfab/buildfab.go:2637.40,2638.22 1 1
github.com/AlexBurnes/buildfab/pkg/buildfab/buildfab.go:2638.22,2640.4 1 1
github.com/AlexBurnes/buildfab/pkg/buildfab/buildfab.go:2642.2,2642.13 1 1
github.com/AlexBurnes/buildfab/pkg/buildfab/buildfab.go:2646.82,2647.40 1 1
github.com/AlexBurnes/buildfab/pkg/buildfab/buildfab.go:2647.40,2648.18 1 1
github.com/AlexBurnes/buildfab/pkg/buildfab/buildfab.go:2648.18,2650.4 1 0
github.com/AlexBurnes/buildfab/pkg/buildfab/buildfab.go:2652.2,2652.14 1 1
github.com/AlexBurnes/buildfab/pkg/buildfab/buildfab.go:2656.91,2658.40 2 0
github.com/AlexBurnes/buildfab/pkg/buildfab/buildfab.go:2658.40,2659.18 1 0
github.com/AlexBurnes/buildfab/pkg/buildfab/buildfab.go:2659.18,2661.4 1 0
github.com/AlexBurnes/buildfab/pkg/buildfab/buildfab.go:2663.2,2663.19 1 0
github.com/AlexBurnes/buildfab/pkg/buildfab/buildfab.go:2668.84,2670.21 1 1
github.com/AlexBurnes/buildfab/pkg/buildfab/buildfab.go:2670.21,2672.73 1 0
github.com/AlexBurnes/buildfab/pkg/buildfab/buildfab.go:2672.73,2674.4 1 0
github.com/AlexBurnes/buildfab/pkg/buildfab/buildfab.go:2677.3,2677.53 1 0
github.com/AlexBurnes/buildfab/pkg/buildfab/buildfab.go:2677.53,2679.4 1 0
github.com/AlexBurnes/buildfab/pkg/buildfab/buildfab.go:2682.3,2682.10 1 0
github.com/AlexBurnes/buildfab/pkg/buildfab/buildfab.go:2683.44,2685.25 2 0
github.com/AlexBurnes/buildfab/pkg/buildfab/buildfab.go:2685.25,2687.5 1 0
github.com/AlexBurnes/buildfab/pkg/buildfab/buildfab.go:2688.4,2688.31 1 0
github.com/AlexBurnes/buildfab/pkg/buildfab/buildfab.go:2689.89,2690.61 1 0
github.com/AlexBurnes/buildfab/pkg/buildfab/buildfab.go:2691.43,2692.41 1 0
github.com/AlexBurnes/buildfab/pkg/buildfab/buildfab.go:2693.119,2695.25 2 0
github.com/AlexBurnes/buildfab/pkg/buildfab/buildfab.go:2695.25,2697.5 1 0
github.com/AlexBurnes/buildfab/pkg/buildfab/buildfab.go:2698.4,2698.31 1 0
github.com/AlexBurnes/buildfab/pkg/buildfab/buildfab.go:2699.11,2702.25 2 0
github.com/AlexBurnes/buildfab/pkg/buildfab/buildfab.go:2702.25,2704.5 1 0
github.com/AlexBurnes/buildfab/pkg/buildfab/buildfab.go:2705.4,2705.31 1 0
github.com/AlexBurnes/buildfab/pkg/buildfab/buildfab.go:2710.2,2710.31 1 1
github.com/AlexBurnes/buildfab/pkg/buildfab/buildfab.go:2710.31,2712.54 1 0
github.com/AlexBurnes/buildfab/pkg/buildfab/buildfab.go:2712.54,2714.25 2 0
github.com/AlexBurnes/buildfab/pkg/buildfab/buildfab.go:2714.25,2716.5 1 0
github.com/AlexBurnes/buildfab/pkg/buildfab/buildfab.go:2717.4,2717.32 1 0
github.com/AlexBurnes/buildfab/pkg/buildfab/buildfab.go:2720.3,2720.40 1 0
github.com/AlexBurnes/buildfab/pkg/buildfab/buildfab.go:2724.2,2725.23 2 1
github.com/AlexBurnes/buildfab/pkg/buildfab/buildfab.go:2725.23,2727.3 1 0
github.com/AlexBurnes/buildfab/pkg/buildfab/buildfab.go:2728.2,2728.24 1 1
github.com/AlexBurnes/buildfab/pkg/buildfab/buildfab.go:2732.152,2740.23 4 1
github.com/AlexBurnes/buildfab/pkg/buildfab/buildfab.go:2740.23,2742.3 1 0
github.com/AlexBurnes/buildfab/pkg/buildfab/buildfab.go:2742.8,2744.3 1 1
github.com/AlexBurnes/buildfab/pkg/buildfab/buildfab.go:2745.2,2752.20 3 1
github.com/AlexBurnes/buildfab/pkg/buildfab/buildfab.go:2756.90,2758.32 1 0
github.com/AlexBurnes/buildfab/pkg/buildfab/buildfab.go:2758.32,2760.3 1 0
github.com/AlexBurnes/buildfab/pkg/buildfab/buildfab.go:2762.2,2767.23 4 0
github.com/AlexBurnes/buildfab/pkg/buildfab/buildfab.go:2767.23,2769.3 1 0
github.com/AlexBurnes/buildfab/pkg/buildfab/buildfab.go:2769.8,2771.3 1 0
github.com/AlexBurnes/buildfab/pkg/buildfab/buildfab.go:2772.2,2777.20 3 0
github.com/AlexBurnes/buildfab/pkg/buildfab/buildfab.go:2781.110,2784.43 2 0
github.com/AlexBurnes/buildfab/pkg/buildfab/buildfab.go:2784.43,2786.3 1 0
github.com/AlexBurnes/buildfab/pkg/buildfab/buildfab.go:2788.2,2788.38 1 0
github.com/AlexBurnes/buildfab/pkg/buildfab/buildfab.go:2788.38,2790.3 1 0
github.com/AlexBurnes/buildfab/pkg/buildfab/buildfab.go:2793.2,2793.18 1 0
github.com/AlexBurnes/buildfab/pkg/buildfab/buildfab.go:2793.18,2795.3 1 0
github.com/AlexBurnes/buildfab/pkg/buildfab/buildfab.go:2797.2,2797.32 1 0
github.com/AlexBurnes/buildfab/pkg/buildfab/buildfab.go:2797.32,2799.3 1 0
github.com/AlexBurnes/buildfab/pkg/buildfab/buildfab.go:2802.2,2806.23 4 0
github.com/AlexBurnes/buildfab/pkg/buildfab/buildfab.go:2806.23,2808.3 1 0
github.com/AlexBurnes/buildfab/pkg/buildfab/buildfab.go:2808.8,2810.3 1 0
github.com/AlexBurnes/buildfab/pkg/buildfab/buildfab.go:2811.2,2816.20 3 0
github.com/AlexBurnes/buildfab/pkg/buildfab/buildfab.go:2820.93,2821.23 1 0
github.com/AlexBurnes/buildfab/pkg/buildfab/buildfab.go:2821.23,2826.3 1 0
github.com/AlexBurnes/buildfab/pkg/buildfab/buildfab.go:2828.2,2829.13 2 0
github.com/AlexBurnes/buildfab/pkg/buildfab/buildfab.go:2829.13,2834.3 1 0
github.com/AlexBurnes/buildfab/pkg/buildfab/buildfab.go:2836.2,2839.83 2 0
github.com/AlexBurnes/buildfab/pkg/buildfab/buildfab.go:2839.83,2841.3 1 0
github.com/AlexBurnes/buildfab/pkg/buildfab/buildfab.go:2844.2,2844.34 1 0
github.com/AlexBurnes/buildfab/pkg/buildfab/buildfab.go:2844.34,2846.3 1 0
github.com/AlexBurnes/buildfab/pkg/buildfab/buildfab.go:2848.2,2848.20 1 0
github.com/AlexBurnes/buildfab/pkg/buildfab/buildfab.go:2852.154,2853.22 1 1
github.com/AlexBurnes/buildfab/pkg/buildfab/buildfab.go:2853.22,2858.3 1 0
github.com/AlexBurnes/buildfab/pkg/buildfab/buildfab.go:2861.2,2862.16 2 1
github.com/AlexBurnes/buildfab/pkg/buildfab/buildfab.go:2862.16,2867.3 1 0
github.com/AlexBurnes/buildfab/pkg/buildfab/buildfab.go:2870.2,2870.54 1 1
github.com/AlexBurnes/buildfab/pkg/buildfab/buildfab.go:2870.54,2871.62 1 0
github.com/AlexBurnes/buildfab/pkg/buildfab/buildfab.go:2871.62,2874.4 1 0
github.com/AlexBurnes/buildfab/pkg/buildfab/buildfab.go:2878.2,2879.16 2 1
github.com/AlexBurnes/buildfab/pkg/buildfab/buildfab.go:2879.16,2885.3 1 0
github.com/AlexBurnes/buildfab/pkg/buildfab/buildfab.go:2886.2,2891.37 4 1
github.com/AlexBurnes/buildfab/pkg/buildfab/buildfab.go:2891.37,2893.3 1 0
github.com/AlexBurnes/buildfab/pkg/buildfab/buildfab.go:2895.2,2896.81 2 1
github.com/AlexBurnes/buildfab/pkg/buildfab/buildfab.go:2896.81,2899.3 1 0
github.com/AlexBurnes/buildfab/pkg/buildfab/buildfab.go:2899.8,2909.23 5 1
github.com/AlexBurnes/buildfab/pkg/buildfab/buildfab.go:2909.23,2911.4 1 0
github.com/AlexBurnes/buildfab/pkg/buildfab/buildfab.go:2912.3,2912.23 1 1
github.com/AlexBurnes/buildfab/pkg/buildfab/buildfab.go:2912.23,2913.28 1 0
github.com/AlexBurnes/buildfab/pkg/buildfab/buildfab.go:2913.28,2915.5 1 0
github.com/AlexBurnes/buildfab/pkg/buildfab/buildfab.go:2916.4,2916.37 1 0
github.com/AlexBurnes/buildfab/pkg/buildfab/buildfab.go:2920.3,2920.17 1 1
github.com/AlexBurnes/buildfab/pkg/buildfab/buildfab.go:2920.17,2930.3 3 0
github.com/AlexBurnes/buildfab/pkg/buildfab/buildfab.go:2932.2,2936.8 1 1
github.com/AlexBurnes/buildfab/pkg/buildfab/buildfab.go:2940.92,2942.29 1 0
github.com/AlexBurnes/buildfab/pkg/buildfab/buildfab.go:2942.29,2944.3 1 0
github.com/AlexBurnes/buildfab/pkg/buildfab/buildfab.go:2946.2,2946.22 1 0
github.com/AlexBurnes/buildfab/pkg/buildfab/buildfab.go:2946.22,2951.3 1 0
github.com/AlexBurnes/buildfab/pkg/buildfab/buildfab.go:2954.2,2955.16 2 0
github.com/AlexBurnes/buildfab/pkg/buildfab/buildfab.go:2955.16,2960.3 1 0
github.com/AlexBurnes/buildfab/pkg/buildfab/buildfab.go:2963.2,2963.54 1 0
github.com/AlexBurnes/buildfab/pkg/buildfab/buildfab.go:2963.54,2964.62 1 0
github.com/AlexBurnes/buildfab/pkg/buildfab/buildfab.go:2964.62,2967.4 1 0
github.com/AlexBurnes/buildfab/pkg/buildfab/buildfab.go:2971.2,2972.16 2 0
github.com/AlexBurnes/buildfab/pkg/buildfab/buildfab.go:2972.16,2978.3 1 0
github.com/AlexBurnes/buildfab/pkg/buildfab/buildfab.go:2979.2,2984.37 4 0
github.com/AlexBurnes/buildfab/pkg/buildfab/buildfab.go:2984.37,2986.3 1 0
github.com/AlexBurnes/buildfab/pkg/buildfab/buildfab.go:2989.2,2991.29 2 0
github.com/AlexBurnes/buildfab/pkg/buildfab/buildfab.go:2991.29,2994.3 1 0
github.com/AlexBurnes/buildfab/pkg/buildfab/buildfab.go:2994.8,3003.3 3 0
github.com/AlexBurnes/buildfab/pkg/buildfab/buildfab.go:3006.2,3007.30 2 0
github.com/AlexBurnes/buildfab/pkg/buildfab/buildfab.go:3007.30,3008.23 1 0
github.com/AlexBurnes/buildfab/pkg/buildfab/buildfab.go:3008.23,3010.4 1 0
github.com/AlexBurnes/buildfab/pkg/buildfab/buildfab.go:3011.3,3011.23 1 0
github.com/AlexBurnes/buildfab/pkg/buildfab/buildfab.go:3011.23,3012.28 1 0
github.com/AlexBurnes/buildfab/pkg/buildfab/buildfab.go:3012.28,3014.5 1 0
github.com/AlexBurnes/buildfab/pkg/buildfab/buildfab.go:3015.4,3015.37 1 0
github.com/AlexBurnes/buildfab/pkg/buildfab/buildfab.go:3019.2,3019.16 1 0
github.com/AlexBurnes/buildfab/pkg/buildfab/buildfab.go:3019.16,3027.3 2 0
github.com/AlexBurnes/buildfab/pkg/buildfab/buildfab.go:3029.2,3033.8 1 0
github.com/AlexBurnes/buildfab/pkg/buildfab/buildfab.go:3037.78,3040.16 2 0
github.com/AlexBurnes/buildfab/pkg/buildfab/buildfab.go:3040.16,3042.3 1 0
github.com/AlexBurnes/buildfab/pkg/buildfab/buildfab.go:3045.2,3045.48 1 0
github.com/AlexBurnes/buildfab/pkg/buildfab/buildfab.go:3045.48,3047.33 1 0
github.com/AlexBurnes/buildfab/pkg/buildfab/buildfab.go:3047.33,3049.4 1 0
github.com/AlexBurnes/buildfab/pkg/buildfab/buildfab.go:3052.3,3052.30 1 0
github.com/AlexBurnes/buildfab/pkg/buildfab/buildfab.go:3052.30,3054.4 1 0
github.com/AlexBurnes/buildfab/pkg/buildfab/buildfab.go:3056.3,3056.13 1 0
github.com/AlexBurnes/buildfab/pkg/buildfab/buildfab.go:3060.2,3061.20 2 0
github.com/AlexBurnes/buildfab/pkg/buildfab/buildfab.go:3061.20,3069.3 1 0
github.com/AlexBurnes/buildfab/pkg/buildfab/buildfab.go:3072.2,3072.38 1 0
github.com/AlexBurnes/buildfab/pkg/buildfab/buildfab.go:3072.38,3075.3 2 0
github.com/AlexBurnes/buildfab/pkg/buildfab/buildfab.go:3077.2,3077.32 1 0
github.com/AlexBurnes/buildfab/pkg/buildfab/buildfab.go:3077.32,3079.3 1 0
github.com/AlexBurnes/buildfab/pkg/buildfab/buildfab.go:3081.2,3081.48 1 0
github.com/AlexBurnes/buildfab/pkg/buildfab/buildfab.go:3085.84,3088.16 2 0
github.com/AlexBurnes/buildfab/pkg/buildfab/buildfab.go:3088.16,3090.3 1 0
github.com/AlexBurnes/buildfab/pkg/buildfab/buildfab.go:3093.2,3093.48 1 0
github.com/AlexBurnes/buildfab/pkg/buildfab/buildfab.go:3093.48,3095.30 1 0
github.com/AlexBurnes/buildfab/pkg/buildfab/buildfab.go:3095.30,3097.4 1 0
github.com/AlexBurnes/buildfab/pkg/buildfab/buildfab.go:3098.3,3098.13 1 0
github.com/AlexBurnes/buildfab/pkg/buildfab/buildfab.go:3102.2,3103.20 2 0
github.com/AlexBurnes/buildfab/pkg/buildfab/buildfab.go:3103.20,3111.3 1 0
github.com/AlexBurnes/buildfab/pkg/buildfab/buildfab.go:3113.2,3113.32 1 0
github.com/AlexBurnes/buildfab/pkg/buildfab/buildfab.go:3113.32,3115.3 1 0
github.com/AlexBurnes/buildfab/pkg/buildfab/buildfab.go:3117.2,3117.54 1 0
github.com/AlexBurnes/buildfab/pkg/buildfab/buildfab.go:3121.83,3122.23 1 0
github.com/AlexBurnes/buildfab/pkg/buildfab/buildfab.go:3122.23,3124.3 1 0
github.com/AlexBurnes/buildfab/pkg/buildfab/buildfab.go:3126.2,3127.13 2 0
github.com/AlexBurnes/buildfab/pkg/buildfab/buildfab.go:3127.13,3129.3 1 0
github.com/AlexBurnes/buildfab/pkg/buildfab/buildfab.go:3131.2,3134.29 2 0
github.com/AlexBurnes/buildfab/pkg/buildfab/buildfab.go:3134.29,3136.3 1 0
github.com/AlexBurnes/buildfab/pkg/buildfab/buildfab.go:3138.2,3138.12 1 0
github.com/AlexBurnes/buildfab/pkg/buildfab/buildfab.go:3142.82,3143.22 1 0
github.com/AlexBurnes/buildfab/pkg/buildfab/buildfab.go:3143.22,3145.3 1 0
github.com/AlexBurnes/buildfab/pkg/buildfab/buildfab.go:3148.2,3149.16 2 0
github.com/AlexBurnes/buildfab/pkg/buildfab/buildfab.go:3149.16,3151.3 1 0
github.com/AlexBurnes/buildfab/pkg/buildfab/buildfab.go:3154.2,3155.16 2 0
github.com/AlexBurnes/buildfab/pkg/buildfab/buildfab.go:3155.16,3157.3 1 0
github.com/AlexBurnes/buildfab/pkg/buildfab/buildfab.go:3160.2,3164.29 3 0
github.com/AlexBurnes/buildfab/pkg/buildfab/buildfab.go:3164.29,3166.3 1 0
github.com/AlexBurnes/buildfab/pkg/buildfab/buildfab.go:3168.2,3168.12 1 0
github.com/AlexBurnes/buildfab/pkg/buildfab/buildfab.go:3172.77,3173.23 1 0
github.com/AlexBurnes/buildfab/pkg/buildfab/buildfab.go:3173.23,3175.3 1 0
github.com/AlexBurnes/buildfab/pkg/buildfab/buildfab.go:3177.2,3178.13 2 0
github.com/AlexBurnes/buildfab/pkg/buildfab/buildfab.go:3178.13,3180.3 1 0
github.com/AlexBurnes/buildfab/pkg/buildfab/buildfab.go:3182.2,3183.16 2 0
github.com/AlexBurnes/buildfab/pkg/buildfab/buildfab.go:3183.16,3185.3 1 0
github.com/AlexBurnes/buildfab/pkg/buildfab/buildfab.go:3188.2,3188.83 1 0
github.com/AlexBurnes/buildfab/pkg/buildfab/buildfab.go:3188.83,3190.3 1 0
github.com/AlexBurnes/buildfab/pkg/buildfab/buildfab.go:3193.2,3193.29 1 0
github.com/AlexBurnes/buildfab/pkg/buildfab/buildfab.go:3193.29,3194.32 1 0
github.com/AlexBurnes/buildfab/pkg/buildfab/buildfab.go:3194.32,3196.4 1 0
github.com/AlexBurnes/buildfab/pkg/buildfab/buildfab.go:3196.9,3196.41 1 0
github.com/AlexBurnes/buildfab/pkg/buildfab/buildfab.go:3196.41,3198.4 1 0
github.com/AlexBurnes/buildfab/pkg/buildfab/buildfab.go:3198.9,3198.42 1 0
github.com/AlexBurnes/buildfab/pkg/buildfab/buildfab.go:3198.42,3200.4 1 0
github.com/AlexBurnes/buildfab/pkg/buildfab/buildfab.go:3204.2,3204.34 1 0
github.com/AlexBurnes/buildfab/pkg/buildfab/buildfab.go:3204.34,3206.3 1 0
github.com/AlexBurnes/buildfab/pkg/buildfab/buildfab.go:3208.2,3208.12 1 0
github.com/AlexBurnes/buildfab/pkg/buildfab/buildfab.go:3212.76,3213.22 1 0
github.com/AlexBurnes/buildfab/pkg/buildfab/buildfab.go:3213.22,3215.3 1 0
github.com/AlexBurnes/buildfab/pkg/buildfab/buildfab.go:3218.2,3219.16 2 0
github.com/AlexBurnes/buildfab/pkg/buildfab/buildfab.go:3219.16,3221.3 1 0
github.com/AlexBurnes/buildfab/pkg/buildfab/buildfab.go:3224.2,3225.16 2 0
github.com/AlexBurnes/buildfab/pkg/buildfab/buildfab.go:3225.16,3227.3 1 0
github.com/AlexBurnes/buildfab/pkg/buildfab/buildfab.go:3228.2,3233.37 4 0
github.com/AlexBurnes/buildfab/pkg/buildfab/buildfab.go:3233.37,3235.3 1 0
github.com/AlexBurnes/buildfab/pkg/buildfab/buildfab.go:3237.2,3237.29 1 0
github.com/AlexBurnes/buildfab/pkg/buildfab/buildfab.go:3237.29,3240.3 1 0
github.com/AlexBurnes/buildfab/pkg/buildfab/buildfab.go:3240.8,3250.33 5 0
github.com/AlexBurnes/buildfab/pkg/buildfab/buildfab.go:3250.33,3252.69 1 0
github.com/AlexBurnes/buildfab/pkg/buildfab/buildfab.go:3252.69,3254.5 1 0
github.com/AlexBurnes/buildfab/pkg/buildfab/buildfab.go:3258.2,3258.16 1 0
github.com/AlexBurnes/buildfab/pkg/buildfab/buildfab.go:3258.16,3261.3 1 0
github.com/AlexBurnes/buildfab/pkg/buildfab/buildfab.go:3263.2,3263.12 1 0
github.com/AlexBurnes/buildfab/pkg/buildfab/buildfab.go:3267.107,3270.16 2 0
github.com/AlexBurnes/buildfab/pkg/buildfab/buildfab.go:3270.16,3272.3 1 0
github.com/AlexBurnes/buildfab/pkg/buildfab/buildfab.go:3274.2,3275.16 2 0
github.com/AlexBurnes/buildfab/pkg/buildfab/buildfab.go:3275.16,3277.3 1 0
github.com/AlexBurnes/buildfab/pkg/buildfab/buildfab.go:3280.2,3280.36 1 0
github.com/AlexBurnes/buildfab/pkg/buildfab/buildfab.go:3280.36,3282.3 1 0
github.com/AlexBurnes/buildfab/pkg/buildfab/buildfab.go:3285.2,3288.12 2 0
github.com/AlexBurnes/buildfab/pkg/buildfab/buildfab.go:3288.12,3290.22 2 0
github.com/AlexBurnes/buildfab/pkg/buildfab/buildfab.go:3290.22,3294.34 2 0
github.com/AlexBurnes/buildfab/pkg/buildfab/buildfab.go:3294.34,3296.5 1 0
github.com/AlexBurnes/buildfab/pkg/buildfab/buildfab.go:3301.2,3301.12 1 0
github.com/AlexBurnes/buildfab/pkg/buildfab/buildfab.go:3301.12,3303.22 2 0
github.com/AlexBurnes/buildfab/pkg/buildfab/buildfab.go:3303.22,3307.34 2 0
github.com/AlexBurnes/buildfab/pkg/buildfab/buildfab.go:3307.34,3309.5 1 0
github.com/AlexBurnes/buildfab/pkg/buildfab/buildfab.go:3314.2,3314.12 1 0
github.com/AlexBurnes/buildfab/pkg/buildfab/buildfab.go:3314.12,3316.3 1 0
github.com/AlexBurnes/buildfab/pkg/buildfab/buildfab.go:3319.2,3319.9 1 0
github.com/AlexBurnes/buildfab/pkg/buildfab/buildfab.go:3320.21,3321.13 1 0
github.com/AlexBurnes/buildfab/pkg/buildfab/buildfab.go:3322.20,3325.19 2 0
github.com/AlexBurnes/buildfab/pkg/buildfab/buildfab.go:3330.89,3333.16 2 0
github.com/AlexBurnes/buildfab/pkg/buildfab/buildfab.go:3333.16,3338.3 1 0
github.com/AlexBurnes/buildfab/pkg/buildfab/buildfab.go:3341.2,3341.41 1 0
github.com/AlexBurnes/buildfab/pkg/buildfab/buildfab.go:3341.41,3343.17 2 0
github.com/AlexBurnes/buildfab/pkg/buildfab/buildfab.go:3343.17,3348.4 1 0
github.com/AlexBurnes/buildfab/pkg/buildfab/buildfab.go:3349.3,3349.55 1 0
github.com/AlexBurnes/buildfab/pkg/buildfab/buildfab.go:3356.2,3358.47 2 0
github.com/AlexBurnes/buildfab/pkg/buildfab/buildfab.go:3358.47,3361.17 2 0
github.com/AlexBurnes/buildfab/pkg/buildfab/buildfab.go:3361.17,3363.4 1 0
github.com/AlexBurnes/buildfab/pkg/buildfab/buildfab.go:3364.8,3367.3 1 0
github.com/AlexBurnes/buildfab/pkg/buildfab/buildfab.go:3369.2,3369.16 1 0
github.com/AlexBurnes/buildfab/pkg/buildfab/buildfab.go:3369.16,3375.3 1 0
github.com/AlexBurnes/buildfab/pkg/buildfab/buildfab.go:3381.2,3382.21 2 0
github.com/AlexBurnes/buildfab/pkg/buildfab/buildfab.go:3382.21,3384.39 1 0
github.com/AlexBurnes/buildfab/pkg/buildfab/buildfab.go:3384.39,3385.75 1 0
github.com/AlexBurnes/buildfab/pkg/buildfab/buildfab.go:3385.75,3387.5 1 0
github.com/AlexBurnes/buildfab/pkg/buildfab/buildfab.go:3390.4,3392.14 3 0
github.com/AlexBurnes/buildfab/pkg/buildfab/buildfab.go:3394.2,3394.16 1 0
github.com/AlexBurnes/buildfab/pkg/buildfab/buildfab.go:3394.16,3400.3 1 0
github.com/AlexBurnes/buildfab/pkg/buildfab/buildfab.go:3406.2,3406.61 1 0
github.com/AlexBurnes/buildfab/pkg/buildfab/buildfab.go:3406.61,3412.3 1 0
github.com/AlexBurnes/buildfab/pkg/buildfab/buildfab.go:3415.2,3419.8 1 0
github.com/AlexBurnes/buildfab/pkg/buildfab/buildfab.go:3423.82,3428.25 3 0
github.com/AlexBurnes/buildfab/pkg/buildfab/buildfab.go:3428.25,3430.3 1 0
github.com/AlexBurnes/buildfab/pkg/buildfab/buildfab.go:3433.2,3439.38 3 0
github.com/AlexBurnes/buildfab/pkg/buildfab/buildfab.go:3439.38,3441.15 2 0
github.com/AlexBurnes/buildfab/pkg/buildfab/buildfab.go:3441.15,3443.4 1 0
github.com/AlexBurnes/buildfab/pkg/buildfab/buildfab.go:3444.3,3444.34 1 0
github.com/AlexBurnes/buildfab/pkg/buildfab/buildfab.go:3448.2,3451.22 2 0
github.com/AlexBurnes/buildfab/pkg/buildfab/buildfab.go:3451.22,3453.3 1 0
github.com/AlexBurnes/buildfab/pkg/buildfab/buildfab.go:3453.8,3453.35 1 0
github.com/AlexBurnes/buildfab/pkg/buildfab/buildfab.go:3453.35,3455.3 1 0
github.com/AlexBurnes/buildfab/pkg/buildfab/buildfab.go:3455.8,3455.34 1 0
github.com/AlexBurnes/buildfab/pkg/buildfab/buildfab.go:3455.34,3457.3 1 0
github.com/AlexBurnes/buildfab/pkg/buildfab/buildfab.go:3459.2,3459.33 1 0
github.com/AlexBurnes/buildfab/pkg/buildfab/config.go:13.47,15.16 1 0
github.com/AlexBurnes/buildfab/pkg/buildfab/config.go:15.16,17.27 2 0
github.com/AlexBurnes/buildfab/pkg/buildfab/config.go:17.27,18.40 1 0
github.com/AlexBurnes/buildfab/pkg/buildfab/config.go:18.40,20.10 2 0
github.com/AlexBurnes/buildfab/pkg/buildfab/config.go:23.3,23.17 1 0
github.com/AlexBurnes/buildfab/pkg/buildfab/config.go:23.17,25.4 1 0
github.com/AlexBurnes/buildfab/pkg/buildfab/config.go:29.2,29.49 1 0
github.com/AlexBurnes/buildfab/pkg/buildfab/config.go:29.49,31.3 1 0
github.com/AlexBurnes/buildfab/pkg/buildfab/config.go:34.2,35.16 2 0
github.com/AlexBurnes/buildfab/pkg/buildfab/config.go:35.16,37.3 1 0
github.com/AlexBurnes/buildfab/pkg/buildfab/config.go:40.2,41.54 2 0
github.com/AlexBurnes/buildfab/pkg/buildfab/config.go:41.54,43.3 1 0
github.com/AlexBurnes/buildfab/pkg/buildfab/config.go:46.2,46.33 1 0
github.com/AlexBurnes/buildfab/pkg/buildfab/config.go:46.33,48.3 1 0
github.com/AlexBurnes/buildfab/pkg/buildfab/config.go:51.2,51.29 1 0
github.com/AlexBurnes/buildfab/pkg/buildfab/config.go:51.29,53.59 2 0
github.com/AlexBurnes/buildfab/pkg/buildfab/config.go:53.59,55.4 1 0
github.com/AlexBurnes/buildfab/pkg/buildfab/config.go:59.2,59.42 1 0
github.com/AlexBurnes/buildfab/pkg/buildfab/config.go:59.42,61.3 1 0
github.com/AlexBurnes/buildfab/pkg/buildfab/config.go:63.2,63.21 1 0
github.com/AlexBurnes/buildfab/pkg/buildfab/config.go:67.56,69.54 2 0
github.com/AlexBurnes/buildfab/pkg/buildfab/config.go:69.54,71.3 1 0
github.com/AlexBurnes/buildfab/pkg/buildfab/config.go:73.2,73.21 1 0
github.com/AlexBurnes/buildfab/pkg/buildfab/config.go:77.60,82.41 2 0
github.com/AlexBurnes/buildfab/pkg/buildfab/config.go:82.41,83.82 1 0
github.com/AlexBurnes/buildfab/pkg/buildfab/config.go:83.82,85.4 1 0
github.com/AlexBurnes/buildfab/pkg/buildfab/config.go:88.2,88.12 1 0
github.com/AlexBurnes/buildfab/pkg/buildfab/config.go:92.100,95.30 2 0
github.com/AlexBurnes/buildfab/pkg/buildfab/config.go:95.30,97.3 1 0
github.com/AlexBurnes/buildfab/pkg/buildfab/config.go:100.2,100.36 1 0
github.com/AlexBurnes/buildfab/pkg/buildfab/config.go:100.36,102.3 1 0
github.com/AlexBurnes/buildfab/pkg/buildfab/config.go:105.2,105.54 1 0
github.com/AlexBurnes/buildfab/pkg/buildfab/config.go:109.83,111.19 1 0
github.com/AlexBurnes/buildfab/pkg/buildfab/config.go:111.19,113.3 1 0
github.com/AlexBurnes/buildfab/pkg/buildfab/config.go:114.2,117.49 2 0
github.com/AlexBurnes/buildfab/pkg/buildfab/config.go:117.49,119.3 1 0
github.com/AlexBurnes/buildfab/pkg/buildfab/config.go:122.2,127.12 3 0
github.com/AlexBurnes/buildfab/pkg/buildfab/config.go:131.88,136.48 2 0
github.com/AlexBurnes/buildfab/pkg/buildfab/config.go:136.48,138.3 1 0
github.com/AlexBurnes/buildfab/pkg/buildfab/config.go:141.2,142.16 2 0
github.com/AlexBurnes/buildfab/pkg/buildfab/config.go:142.16,144.3 1 0
github.com/AlexBurnes/buildfab/pkg/buildfab/config.go:147.2,147.32 1 0
github.com/AlexBurnes/buildfab/pkg/buildfab/config.go:147.32,148.110 1 0
github.com/AlexBurnes/buildfab/pkg/buildfab/config.go:148.110,149.67 1 0
github.com/AlexBurnes/buildfab/pkg/buildfab/config.go:149.67,151.5 1 0
github.com/AlexBurnes/buildfab/pkg/buildfab/config.go:155.2,155.12 1 0
github.com/AlexBurnes/buildfab/pkg/buildfab/config.go:159.83,162.16 2 0
github.com/AlexBurnes/buildfab/pkg/buildfab/config.go:162.16,164.3 1 0
github.com/AlexBurnes/buildfab/pkg/buildfab/config.go:167.2,168.65 2 0
github.com/AlexBurnes/buildfab/pkg/buildfab/config.go:168.65,170.3 1 0
github.com/AlexBurnes/buildfab/pkg/buildfab/config.go:173.2,173.37 1 0
github.com/AlexBurnes/buildfab/pkg/buildfab/config.go:173.37,176.57 2 0
github.com/AlexBurnes/buildfab/pkg/buildfab/config.go:176.57,177.90 1 0
github.com/AlexBurnes/buildfab/pkg/buildfab/config.go:177.90,179.5 1 0
github.com/AlexBurnes/buildfab/pkg/buildfab/config.go:184.2,184.48 1 0
github.com/AlexBurnes/buildfab/pkg/buildfab/config.go:184.48,186.43 2 0
github.com/AlexBurnes/buildfab/pkg/buildfab/config.go:186.43,187.36 1 0
github.com/AlexBurnes/buildfab/pkg/buildfab/config.go:187.36,190.10 3 0
github.com/AlexBurnes/buildfab/pkg/buildfab/config.go:193.3,193.13 1 0
github.com/AlexBurnes/buildfab/pkg/buildfab/config.go:193.13,195.4 1 0
github.com/AlexBurnes/buildfab/pkg/buildfab/config.go:199.2,199.26 1 0
github.com/AlexBurnes/buildfab/pkg/buildfab/config.go:199.26,201.3 1 0
github.com/AlexBurnes/buildfab/pkg/buildfab/config.go:202.2,202.49 1 0
github.com/AlexBurnes/buildfab/pkg/buildfab/config.go:202.49,204.3 1 0
github.com/AlexBurnes/buildfab/pkg/buildfab/config.go:206.2,206.12 1 0
github.com/AlexBurnes/buildfab/pkg/buildfab/errors.go:13.45,14.18 1 0
github.com/AlexBurnes/buildfab/pkg/buildfab/errors.go:14.18,16.3 1 0
github.com/AlexBurnes/buildfab/pkg/buildfab/errors.go:17.2,17.58 1 0
github.com/AlexBurnes/buildfab/pkg/buildfab/errors.go:28.41,30.2 1 0
github.com/AlexBurnes/buildfab/pkg/buildfab/errors.go:38.42,39.22 1 0
github.com/AlexBurnes/buildfab/pkg/buildfab/errors.go:39.22,41.3 1 0
github.com/AlexBurnes/buildfab/pkg/buildfab/errors.go:42.2,42.55 1 0
github.com/AlexBurnes/buildfab/pkg/buildfab/errors.go:51.40,53.2 1 0
github.com/AlexBurnes/buildfab/pkg/buildfab/expression.go:29.75,40.33 3 0
github.com/AlexBurnes/buildfab/pkg/buildfab/expression.go:40.33,42.3 1 0
github.com/AlexBurnes/buildfab/pkg/buildfab/expression.go:45.2,45.30 1 0
github.com/AlexBurnes/buildfab/pkg/buildfab/expression.go:45.30,47.3 1 0
github.com/AlexBurnes/buildfab/pkg/buildfab/expression.go:50.2,50.27 1 0
github.com/AlexBurnes/buildfab/pkg/buildfab/expression.go:50.27,52.3 1 0
github.com/AlexBurnes/buildfab/pkg/buildfab/expression.go:55.2,55.47 1 0
github.com/AlexBurnes/buildfab/pkg/buildfab/expression.go:55.47,57.3 1 0
github.com/AlexBurnes/buildfab/pkg/buildfab/expression.go:59.2,59.12 1 0
github.com/AlexBurnes/buildfab/pkg/buildfab/expression.go:63.76,66.69 2 0
github.com/AlexBurnes/buildfab/pkg/buildfab/expression.go:66.69,68.3 1 0
github.com/AlexBurnes/buildfab/pkg/buildfab/expression.go:71.2,72.16 2 0
github.com/AlexBurnes/buildfab/pkg/buildfab/expression.go:72.16,74.3 1 0
github.com/AlexBurnes/buildfab/pkg/buildfab/expression.go:77.2,77.28 1 0
github.com/AlexBurnes/buildfab/pkg/buildfab/expression.go:81.86,83.2 1 0
github.com/AlexBurnes/buildfab/pkg/buildfab/expression.go:86.86,90.66 2 0
github.com/AlexBurnes/buildfab/pkg/buildfab/expression.go:90.66,93.3 2 0
github.com/AlexBurnes/buildfab/pkg/buildfab/expression.go:96.2,96.66 1 0
github.com/AlexBurnes/buildfab/pkg/buildfab/expression.go:96.66,98.3 1 0
github.com/AlexBurnes/buildfab/pkg/buildfab/expression.go:101.2,101.69 1 0
github.com/AlexBurnes/buildfab/pkg/buildfab/expression.go:101.69,103.3 1 0
github.com/AlexBurnes/buildfab/pkg/buildfab/expression.go:106.2,106.61 1 0
github.com/AlexBurnes/buildfab/pkg/buildfab/expression.go:106.61,108.3 1 0
github.com/AlexBurnes/buildfab/pkg/buildfab/expression.go:111.2,111.66 1 0
github.com/AlexBurnes/buildfab/pkg/buildfab/expression.go:111.66,113.3 1 0
github.com/AlexBurnes/buildfab/pkg/buildfab/expression.go:115.2,115.64 1 0
github.com/AlexBurnes/buildfab/pkg/buildfab/expression.go:119.93,121.34 1 0
github.com/AlexBurnes/buildfab/pkg/buildfab/expression.go:121.34,124.73 2 0
github.com/AlexBurnes/buildfab/pkg/buildfab/expression.go:124.73,126.4 1 0
github.com/AlexBurnes/buildfab/pkg/buildfab/expression.go:127.3,128.17 2 0
github.com/AlexBurnes/buildfab/pkg/buildfab/expression.go:128.17,130.4 1 0
github.com/AlexBurnes/buildfab/pkg/buildfab/expression.go:131.3,134.9 1 0
github.com/AlexBurnes/buildfab/pkg/buildfab/expression.go:138.2,138.36 1 0
github.com/AlexBurnes/buildfab/pkg/buildfab/expression.go:138.36,142.29 3 0
github.com/AlexBurnes/buildfab/pkg/buildfab/expression.go:142.29,143.19 1 0
github.com/AlexBurnes/buildfab/pkg/buildfab/expression.go:143.19,145.5 1 0
github.com/AlexBurnes/buildfab/pkg/buildfab/expression.go:145.10,145.26 1 0
github.com/AlexBurnes/buildfab/pkg/buildfab/expression.go:145.26,147.5 1 0
github.com/AlexBurnes/buildfab/pkg/buildfab/expression.go:147.10,147.84 1 0
github.com/AlexBurnes/buildfab/pkg/buildfab/expression.go:147.84,149.73 1 0
github.com/AlexBurnes/buildfab/pkg/buildfab/expression.go:149.73,151.11 2 0
github.com/AlexBurnes/buildfab/pkg/buildfab/expression.go:156.3,156.19 1 0
github.com/AlexBurnes/buildfab/pkg/buildfab/expression.go:156.19,161.18 4 0
github.com/AlexBurnes/buildfab/pkg/buildfab/expression.go:161.18,163.5 1 0
github.com/AlexBurnes/buildfab/pkg/buildfab/expression.go:165.4,166.18 2 0
github.com/AlexBurnes/buildfab/pkg/buildfab/expression.go:166.18,168.5 1 0
github.com/AlexBurnes/buildfab/pkg/buildfab/expression.go:170.4,173.10 1 0
github.com/AlexBurnes/buildfab/pkg/buildfab/expression.go:178.2,178.36 1 0
github.com/AlexBurnes/buildfab/pkg/buildfab/expression.go:178.36,182.29 3 0
github.com/AlexBurnes/buildfab/pkg/buildfab/expression.go:182.29,183.19 1 0
github.com/AlexBurnes/buildfab/pkg/buildfab/expression.go:183.19,185.5 1 0
github.com/AlexBurnes/buildfab/pkg/buildfab/expression.go:185.10,185.26 1 0
github.com/AlexBurnes/buildfab/pkg/buildfab/expression.go:185.26,187.5 1 0
github.com/AlexBurnes/buildfab/pkg/buildfab/expression.go:187.10,187.84 1 0
github.com/AlexBurnes/buildfab/pkg/buildfab/expression.go:187.84,189.73 1 0
github.com/AlexBurnes/buildfab/pkg/buildfab/expression.go:189.73,191.11 2 0
github.com/AlexBurnes/buildfab/pkg/buildfab/expression.go:196.3,196.18 1 0
github.com/AlexBurnes/buildfab/pkg/buildfab/expression.go:196.18,201.18 4 0
github.com/AlexBurnes/buildfab/pkg/buildfab/expression.go:201.18,203.5 1 0
github.com/AlexBurnes/buildfab/pkg/buildfab/expression.go:205.4,206.18 2 0
github.com/AlexBurnes/buildfab/pkg/buildfab/expression.go:206.18,208.5 1 0
github.com/AlexBurnes/buildfab/pkg/buildfab/expression.go:210.4,213.10 1 0
github.com/AlexBurnes/buildfab/pkg/buildfab/expression.go:217.2,217.52 1 0
github.com/AlexBurnes/buildfab/pkg/buildfab/expression.go:221.96,224.31 2 0
github.com/AlexBurnes/buildfab/pkg/buildfab/expression.go:224.31,225.33 1 0
github.com/AlexBurnes/buildfab/pkg/buildfab/expression.go:225.33,227.23 2 0
github.com/AlexBurnes/buildfab/pkg/buildfab/expression.go:227.23,228.13 1 0
github.com/AlexBurnes/buildfab/pkg/buildfab/expression.go:231.4,232.18 2 0
github.com/AlexBurnes/buildfab/pkg/buildfab/expression.go:232.18,234.5 1 0
github.com/AlexBurnes/buildfab/pkg/buildfab/expression.go:236.4,237.18 2 0
github.com/AlexBurnes/buildfab/pkg/buildfab/expression.go:237.18,239.5 1 0
github.com/AlexBurnes/buildfab/pkg/buildfab/expression.go:242.4,243.27 2 0
github.com/AlexBurnes/buildfab/pkg/buildfab/expression.go:243.27,245.5 1 0
github.com/AlexBurnes/buildfab/pkg/buildfab/expression.go:247.4,248.18 2 0
github.com/AlexBurnes/buildfab/pkg/buildfab/expression.go:248.18,250.5 1 0
github.com/AlexBurnes/buildfab/pkg/buildfab/expression.go:252.4,255.10 1 0
github.com/AlexBurnes/buildfab/pkg/buildfab/expression.go:259.2,259.55 1 0
github.com/AlexBurnes/buildfab/pkg/buildfab/expression.go:263.88,267.23 3 0
github.com/AlexBurnes/buildfab/pkg/buildfab/expression.go:267.23,269.3 1 0
github.com/AlexBurnes/buildfab/pkg/buildfab/expression.go:271.2,275.19 4 0
github.com/AlexBurnes/buildfab/pkg/buildfab/expression.go:275.19,278.36 2 0
github.com/AlexBurnes/buildfab/pkg/buildfab/expression.go:278.36,280.18 2 0
github.com/AlexBurnes/buildfab/pkg/buildfab/expression.go:280.18,282.5 1 0
github.com/AlexBurnes/buildfab/pkg/buildfab/expression.go:283.4,283.28 1 0
github.com/AlexBurnes/buildfab/pkg/buildfab/expression.go:287.2,287.14 1 0
github.com/AlexBurnes/buildfab/pkg/buildfab/expression.go:288.18,289.21 1 0
github.com/AlexBurnes/buildfab/pkg/buildfab/expression.go:289.21,291.4 1 0
github.com/AlexBurnes/buildfab/pkg/buildfab/expression.go:292.3,297.9 3 0
github.com/AlexBurnes/buildfab/pkg/buildfab/expression.go:298.20,299.21 1 0
github.com/AlexBurnes/buildfab/pkg/buildfab/expression.go:299.21,301.4 1 0
github.com/AlexBurnes/buildfab/pkg/buildfab/expression.go:302.3,307.9 3 0
github.com/AlexBurnes/buildfab/pkg/buildfab/expression.go:308.18,309.21 1 0
github.com/AlexBurnes/buildfab/pkg/buildfab/expression.go:309.21,311.4 1 0
github.com/AlexBurnes/buildfab/pkg/buildfab/expression.go:312.3,317.9 3 0
github.com/AlexBurnes/buildfab/pkg/buildfab/expression.go:318.17,319.21 1 0
github.com/AlexBurnes/buildfab/pkg/buildfab/expression.go:319.21,321.4 1 0
github.com/AlexBurnes/buildfab/pkg/buildfab/expression.go:322.3,325.17 4 0
github.com/AlexBurnes/buildfab/pkg/buildfab/expression.go:325.17,327.4 1 0
github.com/AlexBurnes/buildfab/pkg/buildfab/expression.go:328.3,331.9 1 0
github.com/AlexBurnes/buildfab/pkg/buildfab/expression.go:332.20,333.21 1 0
github.com/AlexBurnes/buildfab/pkg/buildfab/expression.go:333.21,335.4 1 0
github.com/AlexBurnes/buildfab/pkg/buildfab/expression.go:336.3,341.9 3 0
github.com/AlexBurnes/buildfab/pkg/buildfab/expression.go:342.23,343.21 1 0
github.com/AlexBurnes/buildfab/pkg/buildfab/expression.go:343.21,345.4 1 0
github.com/AlexBurnes/buildfab/pkg/buildfab/expression.go:346.3,350.17 4 0
github.com/AlexBurnes/buildfab/pkg/buildfab/expression.go:350.17,352.4 1 0
github.com/AlexBurnes/buildfab/pkg/buildfab/expression.go:353.3,354.17 2 0
github.com/AlexBurnes/buildfab/pkg/buildfab/expression.go:354.17,356.4 1 0
github.com/AlexBurnes/buildfab/pkg/buildfab/expression.go:358.3,362.9 2 0
github.com/AlexBurnes/buildfab/pkg/buildfab/expression.go:364.10,365.55 1 0
github.com/AlexBurnes/buildfab/pkg/buildfab/expression.go:370.76,372.53 1 0
github.com/AlexBurnes/buildfab/pkg/buildfab/expression.go:372.53,376.13 3 0
github.com/AlexBurnes/buildfab/pkg/buildfab/expression.go:377.13,378.35 1 0
github.com/AlexBurnes/buildfab/pkg/buildfab/expression.go:379.13,380.35 1 0
github.com/AlexBurnes/buildfab/pkg/buildfab/expression.go:381.12,382.34 1 0
github.com/AlexBurnes/buildfab/pkg/buildfab/expression.go:383.13,384.35 1 0
github.com/AlexBurnes/buildfab/pkg/buildfab/expression.go:385.12,386.34 1 0
github.com/AlexBurnes/buildfab/pkg/buildfab/expression.go:387.13,388.35 1 0
github.com/AlexBurnes/buildfab/pkg/buildfab/expression.go:393.2,394.53 1 0
github.com/AlexBurnes/buildfab/pkg/buildfab/expression.go:394.53,398.13 3 0
github.com/AlexBurnes/buildfab/pkg/buildfab/expression.go:399.13,400.35 1 0
github.com/AlexBurnes/buildfab/pkg/buildfab/expression.go:401.13,402.35 1 0
github.com/AlexBurnes/buildfab/pkg/buildfab/expression.go:403.12,404.34 1 0
github.com/AlexBurnes/buildfab/pkg/buildfab/expression.go:405.13,406.35 1 0
github.com/AlexBurnes/buildfab/pkg/buildfab/expression.go:407.12,408.34 1 0
github.com/AlexBurnes/buildfab/pkg/buildfab/expression.go:409.13,410.35 1 0
github.com/AlexBurnes/buildfab/pkg/buildfab/expression.go:415.2,415.53 1 0
github.com/AlexBurnes/buildfab/pkg/buildfab/expression.go:415.53,419.13 3 0
github.com/AlexBurnes/buildfab/pkg/buildfab/expression.go:420.13,421.35 1 0
github.com/AlexBurnes/buildfab/pkg/buildfab/expression.go:422.13,423.35 1 0
github.com/AlexBurnes/buildfab/pkg/buildfab/expression.go:424.12,425.34 1 0
github.com/AlexBurnes/buildfab/pkg/buildfab/expression.go:426.13,427.35 1 0
github.com/AlexBurnes/buildfab/pkg/buildfab/expression.go:428.12,429.34 1 0
github.com/AlexBurnes/buildfab/pkg/buildfab/expression.go:430.13,431.35 1 0
github.com/AlexBurnes/buildfab/pkg/buildfab/expression.go:436.2,436.49 1 0
github.com/AlexBurnes/buildfab/pkg/buildfab/expression.go:436.49,440.13 3 0
github.com/AlexBurnes/buildfab/pkg/buildfab/expression.go:441.13,442.37 1 0
github.com/AlexBurnes/buildfab/pkg/buildfab/expression.go:443.13,444.37 1 0
github.com/AlexBurnes/buildfab/pkg/buildfab/expression.go:448.2,448.77 1 0
github.com/AlexBurnes/buildfab/pkg/buildfab/expression.go:452.44,453.19 1 0
github.com/AlexBurnes/buildfab/pkg/buildfab/expression.go:453.19,455.3 1 0
github.com/AlexBurnes/buildfab/pkg/buildfab/expression.go:457.2,457.34 1 0
github.com/AlexBurnes/buildfab/pkg/buildfab/expression.go:458.12,459.11 1 0
github.com/AlexBurnes/buildfab/pkg/buildfab/expression.go:460.14,462.19 1 0
github.com/AlexBurnes/buildfab/pkg/buildfab/expression.go:462.19,464.4 1 0
github.com/AlexBurnes/buildfab/pkg/buildfab/expression.go:465.3,465.17 1 0
github.com/AlexBurnes/buildfab/pkg/buildfab/expression.go:466.15,467.16 1 0
github.com/AlexBurnes/buildfab/pkg/buildfab/expression.go:468.11,469.16 1 0
github.com/AlexBurnes/buildfab/pkg/buildfab/expression.go:470.13,471.16 1 0
github.com/AlexBurnes/buildfab/pkg/buildfab/expression.go:472.10,473.15 1 0
github.com/AlexBurnes/buildfab/pkg/buildfab/expression.go:477.48,478.19 1 0
github.com/AlexBurnes/buildfab/pkg/buildfab/expression.go:478.19,480.3 1 0
github.com/AlexBurnes/buildfab/pkg/buildfab/expression.go:482.2,482.34 1 0
github.com/AlexBurnes/buildfab/pkg/buildfab/expression.go:483.14,484.11 1 0
github.com/AlexBurnes/buildfab/pkg/buildfab/expression.go:485.12,486.31 1 0
github.com/AlexBurnes/buildfab/pkg/buildfab/expression.go:487.15,488.45 1 0
github.com/AlexBurnes/buildfab/pkg/buildfab/expression.go:489.11,490.25 1 0
github.com/AlexBurnes/buildfab/pkg/buildfab/expression.go:491.13,492.34 1 0
github.com/AlexBurnes/buildfab/pkg/buildfab/expression.go:493.10,494.30 1 0
github.com/AlexBurnes/buildfab/pkg/buildfab/expression.go:498.49,499.19 1 0
github.com/AlexBurnes/buildfab/pkg/buildfab/expression.go:499.19,501.3 1 0
github.com/AlexBurnes/buildfab/pkg/buildfab/expression.go:503.2,503.34 1 0
github.com/AlexBurnes/buildfab/pkg/buildfab/expression.go:504.15,505.11 1 0
github.com/AlexBurnes/buildfab/pkg/buildfab/expression.go:506.11,507.20 1 0
github.com/AlexBurnes/buildfab/pkg/buildfab/expression.go:508.13,509.20 1 0
github.com/AlexBurnes/buildfab/pkg/buildfab/expression.go:510.14,511.56 1 0
github.com/AlexBurnes/buildfab/pkg/buildfab/expression.go:511.56,513.4 1 0
github.com/AlexBurnes/buildfab/pkg/buildfab/expression.go:514.3,514.11 1 0
github.com/AlexBurnes/buildfab/pkg/buildfab/expression.go:515.12,516.8 1 0
github.com/AlexBurnes/buildfab/pkg/buildfab/expression.go:516.8,518.4 1 0
github.com/AlexBurnes/buildfab/pkg/buildfab/expression.go:519.3,519.11 1 0
github.com/AlexBurnes/buildfab/pkg/buildfab/expression.go:520.10,521.11 1 0
github.com/AlexBurnes/buildfab/pkg/buildfab/expression.go:526.21,529.2 2 0
github.com/AlexBurnes/buildfab/pkg/buildfab/expression.go:531.23,534.2 2 0
github.com/AlexBurnes/buildfab/pkg/buildfab/expression.go:536.37,540.2 1 0
github.com/AlexBurnes/buildfab/pkg/buildfab/expression.go:543.93,546.68 1 0
github.com/AlexBurnes/buildfab/pkg/buildfab/expression.go:546.68,552.3 2 0
github.com/AlexBurnes/buildfab/pkg/buildfab/expression.go:555.2,555.58 1 0
github.com/AlexBurnes/buildfab/pkg/buildfab/expression.go:555.58,560.3 1 0
github.com/AlexBurnes/buildfab/pkg/buildfab/expression.go:563.2,563.20 1 0
github.com/AlexBurnes/buildfab/pkg/buildfab/expression.go:563.20,568.3 1 0
github.com/AlexBurnes/buildfab/pkg/buildfab/expression.go:569.2,569.21 1 0
github.com/AlexBurnes/buildfab/pkg/buildfab/expression.go:569.21,574.3 1 0
github.com/AlexBurnes/buildfab/pkg/buildfab/expression.go:577.2,578.16 2 0
github.com/AlexBurnes/buildfab/pkg/buildfab/expression.go:578.16,580.3 1 0
github.com/AlexBurnes/buildfab/pkg/buildfab/expression.go:582.2,585.8 1 0
github.com/AlexBurnes/buildfab/pkg/buildfab/expression.go:589.75,591.14 1 0
github.com/AlexBurnes/buildfab/pkg/buildfab/expression.go:592.12,593.51 1 0
github.com/AlexBurnes/buildfab/pkg/buildfab/expression.go:593.51,595.4 1 0
github.com/AlexBurnes/buildfab/pkg/buildfab/expression.go:596.3,596.22 1 0
github.com/AlexBurnes/buildfab/pkg/buildfab/expression.go:597.14,598.53 1 0
github.com/AlexBurnes/buildfab/pkg/buildfab/expression.go:598.53,600.4 1 0
github.com/AlexBurnes/buildfab/pkg/buildfab/expression.go:601.3,601.24 1 0
github.com/AlexBurnes/buildfab/pkg/buildfab/expression.go:602.12,603.13 1 0
github.com/AlexBurnes/buildfab/pkg/buildfab/expression.go:603.13,605.4 1 0
github.com/AlexBurnes/buildfab/pkg/buildfab/expression.go:606.3,606.22 1 0
github.com/AlexBurnes/buildfab/pkg/buildfab/expression.go:607.16,608.25 1 0
github.com/AlexBurnes/buildfab/pkg/buildfab/expression.go:612.2,612.37 1 0
github.com/AlexBurnes/buildfab/pkg/buildfab/expression.go:612.37,615.3 2 0
github.com/AlexBurnes/buildfab/pkg/buildfab/expression.go:618.2,618.40 1 0
github.com/AlexBurnes/buildfab/pkg/buildfab/expression.go:618.40,620.53 2 0
github.com/AlexBurnes/buildfab/pkg/buildfab/expression.go:620.53,622.4 1 0
github.com/AlexBurnes/buildfab/pkg/buildfab/expression.go:623.3,623.58 1 0
github.com/AlexBurnes/buildfab/pkg/buildfab/expression.go:627.2,627.40 1 0
github.com/AlexBurnes/buildfab/pkg/buildfab/expression.go:627.40,629.53 2 0
github.com/AlexBurnes/buildfab/pkg/buildfab/expression.go:629.53,631.4 1 0
github.com/AlexBurnes/buildfab/pkg/buildfab/expression.go:632.3,632.63 1 0
github.com/AlexBurnes/buildfab/pkg/buildfab/expression.go:636.2,636.50 1 0
github.com/AlexBurnes/buildfab/pkg/buildfab/expression.go:636.50,638.3 1 0
github.com/AlexBurnes/buildfab/pkg/buildfab/expression.go:640.2,640.55 1 0
github.com/AlexBurnes/buildfab/pkg/buildfab/expression.go:644.85,645.14 1 0
github.com/AlexBurnes/buildfab/pkg/buildfab/expression.go:646.18,647.21 1 0
github.com/AlexBurnes/buildfab/pkg/buildfab/expression.go:647.21,649.4 1 0
github.com/AlexBurnes/buildfab/pkg/buildfab/expression.go:650.3,655.9 3 0
github.com/AlexBurnes/buildfab/pkg/buildfab/expression.go:656.20,657.21 1 0
github.com/AlexBurnes/buildfab/pkg/buildfab/expression.go:657.21,659.4 1 0
github.com/AlexBurnes/buildfab/pkg/buildfab/expression.go:660.3,665.9 3 0
github.com/AlexBurnes/buildfab/pkg/buildfab/expression.go:666.18,667.21 1 0
github.com/AlexBurnes/buildfab/pkg/buildfab/expression.go:667.21,669.4 1 0
github.com/AlexBurnes/buildfab/pkg/buildfab/expression.go:670.3,675.9 3 0
github.com/AlexBurnes/buildfab/pkg/buildfab/expression.go:676.17,677.21 1 0
github.com/AlexBurnes/buildfab/pkg/buildfab/expression.go:677.21,679.4 1 0
github.com/AlexBurnes/buildfab/pkg/buildfab/expression.go:680.3,683.17 4 0
github.com/AlexBurnes/buildfab/pkg/buildfab/expression.go:683.17,685.4 1 0
github.com/AlexBurnes/buildfab/pkg/buildfab/expression.go:686.3,689.9 1 0
github.com/AlexBurnes/buildfab/pkg/buildfab/expression.go:690.20,691.21 1 0
github.com/AlexBurnes/buildfab/pkg/buildfab/expression.go:691.21,693.4 1 0
github.com/AlexBurnes/buildfab/pkg/buildfab/expression.go:694.3,699.9 3 0
github.com/AlexBurnes/buildfab/pkg/buildfab/expression.go:700.23,701.21 1 0
github.com/AlexBurnes/buildfab/pkg/buildfab/expression.go:701.21,703.4 1 0
github.com/AlexBurnes/buildfab/pkg/buildfab/expression.go:704.3,708.17 4 0
github.com/AlexBurnes/buildfab/pkg/buildfab/expression.go:708.17,710.4 1 0
github.com/AlexBurnes/buildfab/pkg/buildfab/expression.go:711.3,712.17 2 0
github.com/AlexBurnes/buildfab/pkg/buildfab/expression.go:712.17,714.4 1 0
github.com/AlexBurnes/buildfab/pkg/buildfab/expression.go:716.3,720.9 2 0
github.com/AlexBurnes/buildfab/pkg/buildfab/expression.go:722.10,723.55 1 0
github.com/AlexBurnes/buildfab/pkg/buildfab/expression.go:728.98,729.19 1 0
github.com/AlexBurnes/buildfab/pkg/buildfab/expression.go:729.19,731.3 1 0
github.com/AlexBurnes/buildfab/pkg/buildfab/expression.go:734.2,737.35 3 0
github.com/AlexBurnes/buildfab/pkg/buildfab/expression.go:737.35,739.17 2 0
github.com/AlexBurnes/buildfab/pkg/buildfab/expression.go:739.17,741.4 1 0
github.com/AlexBurnes/buildfab/pkg/buildfab/expression.go:742.3,742.16 1 0
github.com/AlexBurnes/buildfab/pkg/buildfab/expression.go:745.2,745.18 1 0
github.com/AlexBurnes/buildfab/pkg/buildfab/matrix.go:21.92,23.28 2 1
github.com/AlexBurnes/buildfab/pkg/buildfab/matrix.go:23.28,25.3 1 1
github.com/AlexBurnes/buildfab/pkg/buildfab/matrix.go:25.8,27.3 1 0
github.com/AlexBurnes/buildfab/pkg/buildfab/matrix.go:29.2,32.3 1 1
github.com/AlexBurnes/buildfab/pkg/buildfab/matrix.go:36.90,37.24 1 0
github.com/AlexBurnes/buildfab/pkg/buildfab/matrix.go:37.24,39.3 1 0
github.com/AlexBurnes/buildfab/pkg/buildfab/matrix.go:42.2,43.46 2 0
github.com/AlexBurnes/buildfab/pkg/buildfab/matrix.go:43.46,45.3 1 0
github.com/AlexBurnes/buildfab/pkg/buildfab/matrix.go:48.2,48.49 1 0
github.com/AlexBurnes/buildfab/pkg/buildfab/matrix.go:48.49,50.3 1 0
github.com/AlexBurnes/buildfab/pkg/buildfab/matrix.go:53.2,56.43 3 0
github.com/AlexBurnes/buildfab/pkg/buildfab/matrix.go:56.43,64.3 2 0
github.com/AlexBurnes/buildfab/pkg/buildfab/matrix.go:66.2,66.18 1 0
github.com/AlexBurnes/buildfab/pkg/buildfab/matrix.go:70.91,71.24 1 0
github.com/AlexBurnes/buildfab/pkg/buildfab/matrix.go:71.24,73.3 1 0
github.com/AlexBurnes/buildfab/pkg/buildfab/matrix.go:76.2,77.46 2 0
github.com/AlexBurnes/buildfab/pkg/buildfab/matrix.go:77.46,79.3 1 0
github.com/AlexBurnes/buildfab/pkg/buildfab/matrix.go:82.2,82.49 1 0
github.com/AlexBurnes/buildfab/pkg/buildfab/matrix.go:82.49,84.3 1 0
github.com/AlexBurnes/buildfab/pkg/buildfab/matrix.go:87.2,92.43 4 0
github.com/AlexBurnes/buildfab/pkg/buildfab/matrix.go:92.43,98.39 3 0
github.com/AlexBurnes/buildfab/pkg/buildfab/matrix.go:98.39,100.4 1 0
github.com/AlexBurnes/buildfab/pkg/buildfab/matrix.go:111.3,114.36 2 0
github.com/AlexBurnes/buildfab/pkg/buildfab/matrix.go:114.36,117.4 2 0
github.com/AlexBurnes/buildfab/pkg/buildfab/matrix.go:118.3,121.29 2 0
github.com/AlexBurnes/buildfab/pkg/buildfab/matrix.go:121.29,124.4 1 0
github.com/AlexBurnes/buildfab/pkg/buildfab/matrix.go:127.3,127.36 1 0
github.com/AlexBurnes/buildfab/pkg/buildfab/matrix.go:127.36,129.47 1 0
github.com/AlexBurnes/buildfab/pkg/buildfab/matrix.go:129.47,131.5 1 0
github.com/AlexBurnes/buildfab/pkg/buildfab/matrix.go:134.4,134.40 1 0
github.com/AlexBurnes/buildfab/pkg/buildfab/matrix.go:134.40,136.5 1 0
github.com/AlexBurnes/buildfab/pkg/buildfab/matrix.go:139.4,139.55 1 0
github.com/AlexBurnes/buildfab/pkg/buildfab/matrix.go:139.55,141.5 1 0
github.com/AlexBurnes/buildfab/pkg/buildfab/matrix.go:151.3,162.33 3 0
github.com/AlexBurnes/buildfab/pkg/buildfab/matrix.go:165.2,165.19 1 0
github.com/AlexBurnes/buildfab/pkg/buildfab/matrix.go:169.122,170.24 1 1
github.com/AlexBurnes/buildfab/pkg/buildfab/matrix.go:170.24,172.3 1 0
github.com/AlexBurnes/buildfab/pkg/buildfab/matrix.go:175.2,176.46 2 1
github.com/AlexBurnes/buildfab/pkg/buildfab/matrix.go:176.46,178.3 1 1
github.com/AlexBurnes/buildfab/pkg/buildfab/matrix.go:181.2,181.49 1 1
github.com/AlexBurnes/buildfab/pkg/buildfab/matrix.go:181.49,183.3 1 0
github.com/AlexBurnes/buildfab/pkg/buildfab/matrix.go:186.2,191.43 4 1
github.com/AlexBurnes/buildfab/pkg/buildfab/matrix.go:191.43,194.39 2 1
github.com/AlexBurnes/buildfab/pkg/buildfab/matrix.go:194.39,196.4 1 1
github.com/AlexBurnes/buildfab/pkg/buildfab/matrix.go:199.3,208.36 4 1
github.com/AlexBurnes/buildfab/pkg/buildfab/matrix.go:208.36,211.4 2 0
github.com/AlexBurnes/buildfab/pkg/buildfab/matrix.go:212.3,215.29 2 1
github.com/AlexBurnes/buildfab/pkg/buildfab/matrix.go:215.29,218.4 1 1
github.com/AlexBurnes/buildfab/pkg/buildfab/matrix.go:221.3,221.36 1 1
github.com/AlexBurnes/buildfab/pkg/buildfab/matrix.go:221.36,223.47 1 0
github.com/AlexBurnes/buildfab/pkg/buildfab/matrix.go:223.47,225.5 1 0
github.com/AlexBurnes/buildfab/pkg/buildfab/matrix.go:228.4,228.40 1 0
github.com/AlexBurnes/buildfab/pkg/buildfab/matrix.go:228.40,230.5 1 0
github.com/AlexBurnes/buildfab/pkg/buildfab/matrix.go:233.4,233.55 1 0
github.com/AlexBurnes/buildfab/pkg/buildfab/matrix.go:233.55,235.5 1 0
github.com/AlexBurnes/buildfab/pkg/buildfab/matrix.go:239.3,253.33 4 1
github.com/AlexBurnes/buildfab/pkg/buildfab/matrix.go:256.2,256.40 1 1
github.com/AlexBurnes/buildfab/pkg/buildfab/matrix.go:260.97,262.36 2 1
github.com/AlexBurnes/buildfab/pkg/buildfab/matrix.go:262.36,265.3 2 1
github.com/AlexBurnes/buildfab/pkg/buildfab/matrix.go:266.2,266.15 1 1
github.com/AlexBurnes/buildfab/pkg/buildfab/matrix.go:270.147,276.34 4 1
github.com/AlexBurnes/buildfab/pkg/buildfab/matrix.go:276.34,278.3 1 1
github.com/AlexBurnes/buildfab/pkg/buildfab/matrix.go:279.2,281.27 2 1
github.com/AlexBurnes/buildfab/pkg/buildfab/matrix.go:281.27,282.48 1 1
github.com/AlexBurnes/buildfab/pkg/buildfab/matrix.go:282.48,284.4 1 1
github.com/AlexBurnes/buildfab/pkg/buildfab/matrix.go:287.2,287.33 1 1
github.com/AlexBurnes/buildfab/pkg/buildfab/matrix.go:291.102,293.2 1 0
github.com/AlexBurnes/buildfab/pkg/buildfab/matrix.go:296.106,297.22 1 1
github.com/AlexBurnes/buildfab/pkg/buildfab/matrix.go:297.22,299.3 1 0
github.com/AlexBurnes/buildfab/pkg/buildfab/matrix.go:302.2,306.26 3 1
github.com/AlexBurnes/buildfab/pkg/buildfab/matrix.go:306.26,308.3 1 1
github.com/AlexBurnes/buildfab/pkg/buildfab/matrix.go:309.2,312.27 2 1
github.com/AlexBurnes/buildfab/pkg/buildfab/matrix.go:312.27,314.3 1 1
github.com/AlexBurnes/buildfab/pkg/buildfab/matrix.go:317.2,320.21 3 1
github.com/AlexBurnes/buildfab/pkg/buildfab/matrix.go:324.164,325.24 1 1
github.com/AlexBurnes/buildfab/pkg/buildfab/matrix.go:325.24,328.29 2 1
github.com/AlexBurnes/buildfab/pkg/buildfab/matrix.go:328.29,330.4 1 1
github.com/AlexBurnes/buildfab/pkg/buildfab/matrix.go:331.3,332.9 2 1
github.com/AlexBurnes/buildfab/pkg/buildfab/matrix.go:336.2,336.42 1 1
github.com/AlexBurnes/buildfab/pkg/buildfab/matrix.go:336.42,339.3 2 1
github.com/AlexBurnes/buildfab/pkg/buildfab/matrix.go:361.121,375.2 2 0
github.com/AlexBurnes/buildfab/pkg/buildfab/matrix.go:378.84,381.2 2 0
github.com/AlexBurnes/buildfab/pkg/buildfab/matrix.go:384.84,386.28 1 0
github.com/AlexBurnes/buildfab/pkg/buildfab/matrix.go:386.28,388.3 1 0
github.com/AlexBurnes/buildfab/pkg/buildfab/matrix.go:391.2,398.38 4 0
github.com/AlexBurnes/buildfab/pkg/buildfab/matrix.go:398.38,400.25 2 0
github.com/AlexBurnes/buildfab/pkg/buildfab/matrix.go:400.25,403.4 2 0
github.com/AlexBurnes/buildfab/pkg/buildfab/matrix.go:407.2,416.28 4 0
github.com/AlexBurnes/buildfab/pkg/buildfab/matrix.go:416.28,419.17 3 0
github.com/AlexBurnes/buildfab/pkg/buildfab/matrix.go:419.17,422.4 2 0
github.com/AlexBurnes/buildfab/pkg/buildfab/matrix.go:423.3,423.78 1 0
github.com/AlexBurnes/buildfab/pkg/buildfab/matrix.go:426.2,426.12 1 0
github.com/AlexBurnes/buildfab/pkg/buildfab/matrix.go:430.99,432.75 1 0
github.com/AlexBurnes/buildfab/pkg/buildfab/matrix.go:432.75,434.39 1 0
github.com/AlexBurnes/buildfab/pkg/buildfab/matrix.go:434.39,437.4 1 0
github.com/AlexBurnes/buildfab/pkg/buildfab/matrix.go:440.3,441.13 2 0
github.com/AlexBurnes/buildfab/pkg/buildfab/matrix.go:445.2,446.13 2 0
github.com/AlexBurnes/buildfab/pkg/buildfab/matrix.go:446.13,448.3 1 0
github.com/AlexBurnes/buildfab/pkg/buildfab/matrix.go:451.2,451.38 1 0
github.com/AlexBurnes/buildfab/pkg/buildfab/matrix.go:451.38,454.3 1 0
github.com/AlexBurnes/buildfab/pkg/buildfab/matrix.go:457.2,457.59 1 0
github.com/AlexBurnes/buildfab/pkg/buildfab/matrix.go:461.97,464.30 2 0
github.com/AlexBurnes/buildfab/pkg/buildfab/matrix.go:464.30,466.17 2 0
github.com/AlexBurnes/buildfab/pkg/buildfab/matrix.go:466.17,468.4 1 0
github.com/AlexBurnes/buildfab/pkg/buildfab/matrix.go:470.3,470.21 1 0
github.com/AlexBurnes/buildfab/pkg/buildfab/matrix.go:470.21,473.4 1 0
github.com/AlexBurnes/buildfab/pkg/buildfab/matrix.go:476.3,481.4 1 0
github.com/AlexBurnes/buildfab/pkg/buildfab/matrix.go:482.8,484.3 1 0
github.com/AlexBurnes/buildfab/pkg/buildfab/matrix.go:487.2,487.32 1 0
github.com/AlexBurnes/buildfab/pkg/buildfab/matrix.go:487.32,489.86 1 0
github.com/AlexBurnes/buildfab/pkg/buildfab/matrix.go:489.86,492.4 2 0
github.com/AlexBurnes/buildfab/pkg/buildfab/matrix.go:493.3,493.75 1 0
github.com/AlexBurnes/buildfab/pkg/buildfab/matrix.go:494.8,497.3 1 0
github.com/AlexBurnes/buildfab/pkg/buildfab/matrix.go:501.66,502.22 1 0
github.com/AlexBurnes/buildfab/pkg/buildfab/matrix.go:502.22,504.3 1 0
github.com/AlexBurnes/buildfab/pkg/buildfab/matrix.go:507.2,508.16 2 0
github.com/AlexBurnes/buildfab/pkg/buildfab/matrix.go:508.16,510.3 1 0
github.com/AlexBurnes/buildfab/pkg/buildfab/matrix.go:513.2,514.17 2 0
github.com/AlexBurnes/buildfab/pkg/buildfab/matrix.go:514.17,516.3 1 0
github.com/AlexBurnes/buildfab/pkg/buildfab/matrix.go:519.2,523.18 4 0
github.com/AlexBurnes/buildfab/pkg/buildfab/matrix.go:527.40,528.27 1 0
github.com/AlexBurnes/buildfab/pkg/buildfab/matrix.go:529.16,531.45 2 0
github.com/AlexBurnes/buildfab/pkg/buildfab/matrix.go:531.45,533.4 1 0
github.com/AlexBurnes/buildfab/pkg/buildfab/matrix.go:534.14,534.14 0 0
github.com/AlexBurnes/buildfab/pkg/buildfab/matrix.go:536.10,536.10 0 0
github.com/AlexBurnes/buildfab/pkg/buildfab/matrix.go:542.40,545.30 2 0
github.com/AlexBurnes/buildfab/pkg/buildfab/matrix.go:545.30,546.10 1 0
github.com/AlexBurnes/buildfab/pkg/buildfab/matrix.go:547.27,547.27 0 0
github.com/AlexBurnes/buildfab/pkg/buildfab/matrix.go:548.24,549.10 1 0
github.com/AlexBurnes/buildfab/pkg/buildfab/matrix.go:555.91,556.6 1 0
github.com/AlexBurnes/buildfab/pkg/buildfab/matrix.go:556.6,557.10 1 0
github.com/AlexBurnes/buildfab/pkg/buildfab/matrix.go:558.33,559.11 1 0
github.com/AlexBurnes/buildfab/pkg/buildfab/matrix.go:559.11,561.5 1 0
github.com/AlexBurnes/buildfab/pkg/buildfab/matrix.go:564.4,564.23 1 0
github.com/AlexBurnes/buildfab/pkg/buildfab/matrix.go:564.23,566.5 1 0
github.com/AlexBurnes/buildfab/pkg/buildfab/matrix.go:568.4,568.49 1 0
github.com/AlexBurnes/buildfab/pkg/buildfab/matrix.go:570.24,571.10 1 0
github.com/AlexBurnes/buildfab/pkg/buildfab/matrix.go:577.106,586.37 7 0
github.com/AlexBurnes/buildfab/pkg/buildfab/matrix.go:586.37,588.3 1 0
github.com/AlexBurnes/buildfab/pkg/buildfab/matrix.go:591.2,592.42 2 0
github.com/AlexBurnes/buildfab/pkg/buildfab/matrix.go:592.42,594.3 1 0
github.com/AlexBurnes/buildfab/pkg/buildfab/matrix.go:597.2,597.31 1 0
github.com/AlexBurnes/buildfab/pkg/buildfab/matrix.go:597.31,599.3 1 0
github.com/AlexBurnes/buildfab/pkg/buildfab/matrix.go:602.2,610.16 5 0
github.com/AlexBurnes/buildfab/pkg/buildfab/matrix.go:610.16,619.3 3 0
github.com/AlexBurnes/buildfab/pkg/buildfab/matrix.go:619.8,627.3 3 0
github.com/AlexBurnes/buildfab/pkg/buildfab/matrix.go:629.2,633.9 3 0
github.com/AlexBurnes/buildfab/pkg/buildfab/matrix.go:634.31,634.31 0 0
github.com/AlexBurnes/buildfab/pkg/buildfab/matrix.go:635.23,635.23 0 0
github.com/AlexBurnes/buildfab/pkg/buildfab/matrix.go:639.2,639.55 1 0
github.com/AlexBurnes/buildfab/pkg/buildfab/matrix.go:639.55,640.38 1 0
github.com/AlexBurnes/buildfab/pkg/buildfab/matrix.go:640.38,642.4 1 0
github.com/AlexBurnes/buildfab/pkg/buildfab/matrix.go:643.3,643.14 1 0
github.com/AlexBurnes/buildfab/pkg/buildfab/matrix.go:648.42,649.6 1 0
github.com/AlexBurnes/buildfab/pkg/buildfab/matrix.go:649.6,650.10 1 0
github.com/AlexBurnes/buildfab/pkg/buildfab/matrix.go:651.34,652.26 1 0
github.com/AlexBurnes/buildfab/pkg/buildfab/matrix.go:653.24,654.10 1 0
github.com/AlexBurnes/buildfab/pkg/buildfab/matrix.go:660.59,667.31 6 0
github.com/AlexBurnes/buildfab/pkg/buildfab/matrix.go:667.31,669.3 1 0
github.com/AlexBurnes/buildfab/pkg/buildfab/matrix.go:671.2,672.95 2 0
github.com/AlexBurnes/buildfab/pkg/buildfab/matrix.go:676.85,678.33 2 0
github.com/AlexBurnes/buildfab/pkg/buildfab/matrix.go:678.33,680.3 1 0
github.com/AlexBurnes/buildfab/pkg/buildfab/matrix.go:681.2,682.34 2 0
github.com/AlexBurnes/buildfab/pkg/buildfab/matrix.go:686.46,690.2 3 0
github.com/AlexBurnes/buildfab/pkg/buildfab/matrix.go:693.57,697.33 3 0
github.com/AlexBurnes/buildfab/pkg/buildfab/matrix.go:697.33,700.3 1 0
github.com/AlexBurnes/buildfab/pkg/buildfab/matrix.go:702.2,702.24 1 0
github.com/AlexBurnes/buildfab/pkg/buildfab/matrix.go:702.24,704.3 1 0
github.com/AlexBurnes/buildfab/pkg/buildfab/matrix.go:706.2,706.12 1 0
github.com/AlexBurnes/buildfab/pkg/buildfab/matrix.go:710.70,715.30 4 0
github.com/AlexBurnes/buildfab/pkg/buildfab/matrix.go:715.30,716.21 1 0
github.com/AlexBurnes/buildfab/pkg/buildfab/matrix.go:717.22,718.37 1 0
github.com/AlexBurnes/buildfab/pkg/buildfab/matrix.go:719.22,720.37 1 0
github.com/AlexBurnes/buildfab/pkg/buildfab/matrix.go:721.17,722.39 1 0
github.com/AlexBurnes/buildfab/pkg/buildfab/matrix.go:723.20,724.36 1 0
github.com/AlexBurnes/buildfab/pkg/buildfab/matrix.go:725.22,726.37 1 0
github.com/AlexBurnes/buildfab/pkg/buildfab/matrix.go:730.2,730.15 1 0
github.com/AlexBurnes/buildfab/pkg/buildfab/matrix.go:734.57,741.2 5 0
github.com/AlexBurnes/buildfab/pkg/buildfab/ordered_output.go:48.135,59.2 1 0
github.com/AlexBurnes/buildfab/pkg/buildfab/ordered_output.go:62.65,64.2 1 0
github.com/AlexBurnes/buildfab/pkg/buildfab/ordered_output.go:67.87,71.2 3 0
github.com/AlexBurnes/buildfab/pkg/buildfab/ordered_output.go:74.62,79.2 3 0
github.com/AlexBurnes/buildfab/pkg/buildfab/ordered_output.go:82.82,86.16 3 0
github.com/AlexBurnes/buildfab/pkg/buildfab/ordered_output.go:86.16,89.6 2 0
github.com/AlexBurnes/buildfab/pkg/buildfab/ordered_output.go:91.5,91.53 1 0
github.com/AlexBurnes/buildfab/pkg/buildfab/ordered_output.go:91.53,93.6 1 0
github.com/AlexBurnes/buildfab/pkg/buildfab/ordered_output.go:96.5,96.68 1 0
github.com/AlexBurnes/buildfab/pkg/buildfab/ordered_output.go:96.68,97.20 1 0
github.com/AlexBurnes/buildfab/pkg/buildfab/ordered_output.go:97.20,99.10 1 0
github.com/AlexBurnes/buildfab/pkg/buildfab/ordered_output.go:100.9,102.33 3 0
github.com/AlexBurnes/buildfab/pkg/buildfab/ordered_output.go:103.11,104.20 1 0
github.com/AlexBurnes/buildfab/pkg/buildfab/ordered_output.go:104.20,106.10 1 0
github.com/AlexBurnes/buildfab/pkg/buildfab/ordered_output.go:111.167,115.16 3 0
github.com/AlexBurnes/buildfab/pkg/buildfab/ordered_output.go:115.16,118.6 2 0
github.com/AlexBurnes/buildfab/pkg/buildfab/ordered_output.go:120.5,120.53 1 0
github.com/AlexBurnes/buildfab/pkg/buildfab/ordered_output.go:120.53,126.6 5 0
github.com/AlexBurnes/buildfab/pkg/buildfab/ordered_output.go:129.5,129.34 1 0
github.com/AlexBurnes/buildfab/pkg/buildfab/ordered_output.go:129.34,130.20 1 0
github.com/AlexBurnes/buildfab/pkg/buildfab/ordered_output.go:130.20,132.10 1 0
github.com/AlexBurnes/buildfab/pkg/buildfab/ordered_output.go:134.9,138.57 4 0
github.com/AlexBurnes/buildfab/pkg/buildfab/ordered_output.go:138.57,140.10 1 0
github.com/AlexBurnes/buildfab/pkg/buildfab/ordered_output.go:144.5,147.29 2 0
github.com/AlexBurnes/buildfab/pkg/buildfab/ordered_output.go:151.98,157.39 3 0
github.com/AlexBurnes/buildfab/pkg/buildfab/ordered_output.go:157.39,159.36 2 0
github.com/AlexBurnes/buildfab/pkg/buildfab/ordered_output.go:159.36,160.27 1 0
github.com/AlexBurnes/buildfab/pkg/buildfab/ordered_output.go:160.27,162.14 1 0
github.com/AlexBurnes/buildfab/pkg/buildfab/ordered_output.go:165.9,165.15 1 0
github.com/AlexBurnes/buildfab/pkg/buildfab/ordered_output.go:169.5,169.53 1 0
github.com/AlexBurnes/buildfab/pkg/buildfab/ordered_output.go:169.53,171.20 2 0
github.com/AlexBurnes/buildfab/pkg/buildfab/ordered_output.go:171.20,173.10 1 0
github.com/AlexBurnes/buildfab/pkg/buildfab/ordered_output.go:178.73,181.34 2 0
github.com/AlexBurnes/buildfab/pkg/buildfab/ordered_output.go:181.34,182.36 1 0
github.com/AlexBurnes/buildfab/pkg/buildfab/ordered_output.go:182.36,184.18 2 0
github.com/AlexBurnes/buildfab/pkg/buildfab/ordered_output.go:188.5,188.24 1 0
github.com/AlexBurnes/buildfab/pkg/buildfab/ordered_output.go:188.24,190.6 1 0
github.com/AlexBurnes/buildfab/pkg/buildfab/ordered_output.go:194.5,194.36 1 0
github.com/AlexBurnes/buildfab/pkg/buildfab/ordered_output.go:194.36,195.86 1 0
github.com/AlexBurnes/buildfab/pkg/buildfab/ordered_output.go:195.86,197.10 1 0
github.com/AlexBurnes/buildfab/pkg/buildfab/ordered_output.go:201.5,201.71 1 0
github.com/AlexBurnes/buildfab/pkg/buildfab/ordered_output.go:201.71,203.6 1 0
github.com/AlexBurnes/buildfab/pkg/buildfab/ordered_output.go:205.5,205.16 1 0
github.com/AlexBurnes/buildfab/pkg/buildfab/ordered_output.go:209.93,213.53 3 0
github.com/AlexBurnes/buildfab/pkg/buildfab/ordered_output.go:213.53,215.6 1 0
github.com/AlexBurnes/buildfab/pkg/buildfab/ordered_output.go:219.71,222.34 2 0
github.com/AlexBurnes/buildfab/pkg/buildfab/ordered_output.go:222.34,223.36 1 0
github.com/AlexBurnes/buildfab/pkg/buildfab/ordered_output.go:223.36,225.18 2 0
github.com/AlexBurnes/buildfab/pkg/buildfab/ordered_output.go:229.5,229.24 1 0
github.com/AlexBurnes/buildfab/pkg/buildfab/ordered_output.go:229.24,230.20 1 0
github.com/AlexBurnes/buildfab/pkg/buildfab/ordered_output.go:230.20,232.10 1 0
github.com/AlexBurnes/buildfab/pkg/buildfab/ordered_output.go:233.9,233.21 1 0
github.com/AlexBurnes/buildfab/pkg/buildfab/ordered_output.go:237.5,237.23 1 0
github.com/AlexBurnes/buildfab/pkg/buildfab/ordered_output.go:237.23,238.20 1 0
github.com/AlexBurnes/buildfab/pkg/buildfab/ordered_output.go:238.20,240.10 1 0
github.com/AlexBurnes/buildfab/pkg/buildfab/ordered_output.go:241.9,241.20 1 0
github.com/AlexBurnes/buildfab/pkg/buildfab/ordered_output.go:245.5,245.36 1 0
github.com/AlexBurnes/buildfab/pkg/buildfab/ordered_output.go:245.36,247.81 2 0
github.com/AlexBurnes/buildfab/pkg/buildfab/ordered_output.go:247.81,248.24 1 0
github.com/AlexBurnes/buildfab/pkg/buildfab/ordered_output.go:248.24,251.14 1 0
github.com/AlexBurnes/buildfab/pkg/buildfab/ordered_output.go:252.13,252.25 1 0
github.com/AlexBurnes/buildfab/pkg/buildfab/ordered_output.go:256.5,256.16 1 0
github.com/AlexBurnes/buildfab/pkg/buildfab/ordered_output.go:256.16,258.6 1 0
github.com/AlexBurnes/buildfab/pkg/buildfab/ordered_output.go:259.5,259.16 1 0
github.com/AlexBurnes/buildfab/pkg/buildfab/ordered_output.go:263.61,264.16 1 0
github.com/AlexBurnes/buildfab/pkg/buildfab/ordered_output.go:264.16,266.6 1 0
github.com/AlexBurnes/buildfab/pkg/buildfab/ordered_output.go:269.5,270.18 2 0
github.com/AlexBurnes/buildfab/pkg/buildfab/ordered_output.go:270.18,272.38 2 0
github.com/AlexBurnes/buildfab/pkg/buildfab/ordered_output.go:272.38,274.94 2 0
github.com/AlexBurnes/buildfab/pkg/buildfab/ordered_output.go:274.94,277.43 2 0
github.com/AlexBurnes/buildfab/pkg/buildfab/ordered_output.go:277.43,278.45 1 0
github.com/AlexBurnes/buildfab/pkg/buildfab/ordered_output.go:278.45,279.30 1 0
github.com/AlexBurnes/buildfab/pkg/buildfab/ordered_output.go:281.21,282.78 2 0
github.com/AlexBurnes/buildfab/pkg/buildfab/ordered_output.go:282.78,284.30 2 0
github.com/AlexBurnes/buildfab/pkg/buildfab/ordered_output.go:288.17,288.28 1 0
github.com/AlexBurnes/buildfab/pkg/buildfab/ordered_output.go:288.28,289.32 1 0
github.com/AlexBurnes/buildfab/pkg/buildfab/ordered_output.go:289.32,291.22 1 0
github.com/AlexBurnes/buildfab/pkg/buildfab/ordered_output.go:292.21,307.26 9 0
github.com/AlexBurnes/buildfab/pkg/buildfab/ordered_output.go:315.55,316.16 1 0
github.com/AlexBurnes/buildfab/pkg/buildfab/ordered_output.go:316.16,318.6 1 0
github.com/AlexBurnes/buildfab/pkg/buildfab/ordered_output.go:321.5,321.34 1 0
github.com/AlexBurnes/buildfab/pkg/buildfab/ordered_output.go:321.34,323.107 2 0
github.com/AlexBurnes/buildfab/pkg/buildfab/ordered_output.go:323.107,324.45 1 0
github.com/AlexBurnes/buildfab/pkg/buildfab/ordered_output.go:324.45,325.28 1 0
github.com/AlexBurnes/buildfab/pkg/buildfab/ordered_output.go:325.28,327.18 1 0
github.com/AlexBurnes/buildfab/pkg/buildfab/ordered_output.go:328.17,334.22 5 0
github.com/AlexBurnes/buildfab/pkg/buildfab/ordered_output.go:341.63,342.27 1 0
github.com/AlexBurnes/buildfab/pkg/buildfab/ordered_output.go:342.27,346.32 2 0
github.com/AlexBurnes/buildfab/pkg/buildfab/ordered_output.go:346.32,348.10 1 0
github.com/AlexBurnes/buildfab/pkg/buildfab/ordered_output.go:349.11,352.6 1 0
github.com/AlexBurnes/buildfab/pkg/buildfab/ordered_output.go:356.70,359.16 2 0
github.com/AlexBurnes/buildfab/pkg/buildfab/ordered_output.go:359.16,362.69 2 0
github.com/AlexBurnes/buildfab/pkg/buildfab/ordered_output.go:362.69,364.10 1 0
github.com/AlexBurnes/buildfab/pkg/buildfab/ordered_output.go:365.9,367.16 3 0
github.com/AlexBurnes/buildfab/pkg/buildfab/ordered_output.go:367.16,369.10 1 0
github.com/AlexBurnes/buildfab/pkg/buildfab/ordered_output.go:370.9,370.30 1 0
github.com/AlexBurnes/buildfab/pkg/buildfab/ordered_output.go:373.5,373.32 1 0
github.com/AlexBurnes/buildfab/pkg/buildfab/ordered_output.go:373.32,376.23 2 0
github.com/AlexBurnes/buildfab/pkg/buildfab/ordered_output.go:376.23,379.10 1 0
github.com/AlexBurnes/buildfab/pkg/buildfab/ordered_output.go:382.9,383.29 2 0
github.com/AlexBurnes/buildfab/pkg/buildfab/ordered_output.go:383.29,385.10 1 0
github.com/AlexBurnes/buildfab/pkg/buildfab/ordered_output.go:388.9,389.27 2 0
github.com/AlexBurnes/buildfab/pkg/buildfab/ordered_output.go:389.27,393.10 1 0
github.com/AlexBurnes/buildfab/pkg/buildfab/ordered_output.go:395.9,396.83 2 0
github.com/AlexBurnes/buildfab/pkg/buildfab/ordered_output.go:401.96,406.28 3 0
github.com/AlexBurnes/buildfab/pkg/buildfab/ordered_output.go:406.28,408.6 1 0
github.com/AlexBurnes/buildfab/pkg/buildfab/ordered_output.go:411.5,414.34 2 0
github.com/AlexBurnes/buildfab/pkg/buildfab/ordered_output.go:414.34,419.57 2 0
github.com/AlexBurnes/buildfab/pkg/buildfab/ordered_output.go:419.57,421.10 1 0
github.com/AlexBurnes/buildfab/pkg/buildfab/ordered_output.go:424.9,424.53 1 0
github.com/AlexBurnes/buildfab/pkg/buildfab/ordered_output.go:424.53,426.10 1 0
github.com/AlexBurnes/buildfab/pkg/buildfab/ordered_output.go:429.9,429.45 1 0
github.com/AlexBurnes/buildfab/pkg/buildfab/ordered_output.go:429.45,431.10 1 0
github.com/AlexBurnes/buildfab/pkg/buildfab/ordered_output.go:434.9,434.46 1 0
github.com/AlexBurnes/buildfab/pkg/buildfab/ordered_output.go:434.46,436.10 1 0
github.com/AlexBurnes/buildfab/pkg/buildfab/ordered_output.go:439.9,439.48 1 0
github.com/AlexBurnes/buildfab/pkg/buildfab/ordered_output.go:439.48,441.10 1 0
github.com/AlexBurnes/buildfab/pkg/buildfab/ordered_output.go:444.9,445.26 2 0
github.com/AlexBurnes/buildfab/pkg/buildfab/ordered_output.go:445.26,447.10 1 0
github.com/AlexBurnes/buildfab/pkg/buildfab/ordered_output.go:448.9,448.39 1 0
github.com/AlexBurnes/buildfab/pkg/buildfab/ordered_output.go:449.11,449.40 1 0
github.com/AlexBurnes/buildfab/pkg/buildfab/ordered_output.go:449.40,451.35 1 0
github.com/AlexBurnes/buildfab/pkg/buildfab/ordered_output.go:451.35,453.10 1 0
github.com/AlexBurnes/buildfab/pkg/buildfab/ordered_output.go:453.15,453.42 1 0
github.com/AlexBurnes/buildfab/pkg/buildfab/ordered_output.go:453.42,455.10 1 0
github.com/AlexBurnes/buildfab/pkg/buildfab/ordered_output.go:458.9,462.41 3 0
github.com/AlexBurnes/buildfab/pkg/buildfab/ordered_output.go:462.41,465.10 2 0
github.com/AlexBurnes/buildfab/pkg/buildfab/ordered_output.go:467.9,470.41 2 0
github.com/AlexBurnes/buildfab/pkg/buildfab/ordered_output.go:470.41,472.10 1 0
github.com/AlexBurnes/buildfab/pkg/buildfab/ordered_output.go:475.9,475.52 1 0
github.com/AlexBurnes/buildfab/pkg/buildfab/ordered_output.go:475.52,477.10 1 0
github.com/AlexBurnes/buildfab/pkg/buildfab/ordered_output.go:478.11,485.45 3 0
github.com/AlexBurnes/buildfab/pkg/buildfab/ordered_output.go:485.45,486.58 1 0
github.com/AlexBurnes/buildfab/pkg/buildfab/ordered_output.go:486.58,488.14 1 0
github.com/AlexBurnes/buildfab/pkg/buildfab/ordered_output.go:489.13,490.25 2 0
github.com/AlexBurnes/buildfab/pkg/buildfab/ordered_output.go:490.25,492.14 1 0
github.com/AlexBurnes/buildfab/pkg/buildfab/ordered_output.go:493.13,493.44 1 0
github.com/AlexBurnes/buildfab/pkg/buildfab/ordered_output.go:496.9,496.30 1 0
github.com/AlexBurnes/buildfab/pkg/buildfab/ordered_output.go:496.30,498.10 1 0
github.com/AlexBurnes/buildfab/pkg/buildfab/ordered_output.go:501.9,501.56 1 0
github.com/AlexBurnes/buildfab/pkg/buildfab/ordered_output.go:501.56,505.10 3 0
github.com/AlexBurnes/buildfab/pkg/buildfab/ordered_output.go:508.9,508.27 1 0
github.com/AlexBurnes/buildfab/pkg/buildfab/ordered_output.go:508.27,513.45 3 0
github.com/AlexBurnes/buildfab/pkg/buildfab/ordered_output.go:513.45,514.26 1 0
github.com/AlexBurnes/buildfab/pkg/buildfab/ordered_output.go:514.26,516.18 1 0
github.com/AlexBurnes/buildfab/pkg/buildfab/ordered_output.go:517.17,517.47 1 0
github.com/AlexBurnes/buildfab/pkg/buildfab/ordered_output.go:519.13,519.59 1 0
github.com/AlexBurnes/buildfab/pkg/buildfab/ordered_output.go:522.9,522.32 1 0
github.com/AlexBurnes/buildfab/pkg/buildfab/ordered_output.go:522.32,524.10 1 0
github.com/AlexBurnes/buildfab/pkg/buildfab/ordered_output.go:527.9,527.30 1 0
github.com/AlexBurnes/buildfab/pkg/buildfab/ordered_output.go:527.30,529.10 1 0
github.com/AlexBurnes/buildfab/pkg/buildfab/ordered_output.go:532.9,532.33 1 0
github.com/AlexBurnes/buildfab/pkg/buildfab/ordered_output.go:532.33,534.10 1 0
github.com/AlexBurnes/buildfab/pkg/buildfab/ordered_output.go:537.9,540.29 2 0
github.com/AlexBurnes/buildfab/pkg/buildfab/ordered_output.go:540.29,542.10 1 0
github.com/AlexBurnes/buildfab/pkg/buildfab/ordered_output.go:542.15,542.42 1 0
github.com/AlexBurnes/buildfab/pkg/buildfab/ordered_output.go:542.42,544.10 1 0
github.com/AlexBurnes/buildfab/pkg/buildfab/ordered_output.go:544.15,544.41 1 0
github.com/AlexBurnes/buildfab/pkg/buildfab/ordered_output.go:544.41,546.10 1 0
github.com/AlexBurnes/buildfab/pkg/buildfab/ordered_output.go:549.5,549.36 1 0
github.com/AlexBurnes/buildfab/pkg/buildfab/ordered_output.go:553.68,554.53 1 0
github.com/AlexBurnes/buildfab/pkg/buildfab/ordered_output.go:554.53,556.130 1 0
github.com/AlexBurnes/buildfab/pkg/buildfab/ordered_output.go:556.130,559.47 2 0
github.com/AlexBurnes/buildfab/pkg/buildfab/ordered_output.go:559.47,562.14 2 0
github.com/AlexBurnes/buildfab/pkg/buildfab/ordered_output.go:562.19,565.14 2 0
github.com/AlexBurnes/buildfab/pkg/buildfab/ordered_output.go:567.13,571.40 3 0
github.com/AlexBurnes/buildfab/pkg/buildfab/ordered_output.go:571.40,573.14 1 0
github.com/AlexBurnes/buildfab/pkg/buildfab/ordered_output.go:576.13,576.36 1 0
github.com/AlexBurnes/buildfab/pkg/buildfab/ordered_output.go:576.36,581.14 3 0
github.com/AlexBurnes/buildfab/pkg/buildfab/ordered_output.go:582.15,585.10 1 0
github.com/AlexBurnes/buildfab/pkg/buildfab/ordered_output.go:590.62,591.27 1 0
github.com/AlexBurnes/buildfab/pkg/buildfab/ordered_output.go:591.27,593.6 1 0
github.com/AlexBurnes/buildfab/pkg/buildfab/ordered_output.go:597.69,598.53 1 0
github.com/AlexBurnes/buildfab/pkg/buildfab/ordered_output.go:598.53,599.20 1 0
github.com/AlexBurnes/buildfab/pkg/buildfab/ordered_output.go:599.20,601.10 1 0
github.com/AlexBurnes/buildfab/pkg/buildfab/ordered_output.go:602.9,602.44 1 0
github.com/AlexBurnes/buildfab/pkg/buildfab/ordered_output.go:602.44,604.10 1 0
github.com/AlexBurnes/buildfab/pkg/buildfab/ordered_output.go:606.9,606.26 1 0
github.com/AlexBurnes/buildfab/pkg/buildfab/ordered_output.go:611.123,620.19 5 0
github.com/AlexBurnes/buildfab/pkg/buildfab/ordered_output.go:621.23,623.27 2 0
github.com/AlexBurnes/buildfab/pkg/buildfab/ordered_output.go:624.25,626.28 2 0
github.com/AlexBurnes/buildfab/pkg/buildfab/ordered_output.go:627.26,629.25 2 0
github.com/AlexBurnes/buildfab/pkg/buildfab/ordered_output.go:630.28,632.26 2 0
github.com/AlexBurnes/buildfab/pkg/buildfab/ordered_output.go:633.13,635.26 2 0
github.com/AlexBurnes/buildfab/pkg/buildfab/ordered_output.go:638.5,638.27 1 0
github.com/AlexBurnes/buildfab/pkg/buildfab/ordered_output.go:638.27,641.6 1 0
github.com/AlexBurnes/buildfab/pkg/buildfab/ordered_output.go:641.11,645.6 1 0
github.com/AlexBurnes/buildfab/pkg/buildfab/ordered_output.go:656.133,660.32 2 0
github.com/AlexBurnes/buildfab/pkg/buildfab/ordered_output.go:660.32,662.6 1 0
github.com/AlexBurnes/buildfab/pkg/buildfab/ordered_output.go:664.5,668.6 1 0
github.com/AlexBurnes/buildfab/pkg/buildfab/ordered_output.go:672.203,679.55 3 0
github.com/AlexBurnes/buildfab/pkg/buildfab/ordered_output.go:679.55,681.6 1 0
github.com/AlexBurnes/buildfab/pkg/buildfab/ordered_output.go:684.5,684.32 1 0
github.com/AlexBurnes/buildfab/pkg/buildfab/ordered_output.go:684.32,686.6 1 0
github.com/AlexBurnes/buildfab/pkg/buildfab/ordered_output.go:688.5,692.6 1 0
github.com/AlexBurnes/buildfab/pkg/buildfab/ordered_output.go:696.97,697.55 1 0
github.com/AlexBurnes/buildfab/pkg/buildfab/ordered_output.go:697.55,699.6 1 0
github.com/AlexBurnes/buildfab/pkg/buildfab/ordered_output.go:703.81,705.2 1 0
github.com/AlexBurnes/buildfab/pkg/buildfab/ordered_output.go:708.166,719.2 4 0
github.com/AlexBurnes/buildfab/pkg/buildfab/ordered_output.go:722.97,724.2 1 0
github.com/AlexBurnes/buildfab/pkg/buildfab/ordered_output.go:727.92,729.2 1 0
github.com/AlexBurnes/buildfab/pkg/buildfab/ordered_output.go:732.57,739.2 5 0
github.com/AlexBurnes/buildfab/pkg/buildfab/ordered_output.go:742.50,746.34 4 0
github.com/AlexBurnes/buildfab/pkg/buildfab/ordered_output.go:746.34,747.18 1 0
github.com/AlexBurnes/buildfab/pkg/buildfab/ordered_output.go:747.18,749.10 1 0
github.com/AlexBurnes/buildfab/pkg/buildfab/ordered_output.go:750.9,750.54 1 0
github.com/AlexBurnes/buildfab/pkg/buildfab/ordered_output.go:752.5,754.44 3 0
github.com/AlexBurnes/buildfab/pkg/buildfab/ordered_output.go:754.44,757.6 1 0
github.com/AlexBurnes/buildfab/pkg/buildfab/ordered_output.go:761.106,762.19 1 0
github.com/AlexBurnes/buildfab/pkg/buildfab/ordered_output.go:763.42,765.55 1 0
github.com/AlexBurnes/buildfab/pkg/buildfab/ordered_output.go:765.55,770.40 4 0
github.com/AlexBurnes/buildfab/pkg/buildfab/ordered_output.go:770.40,771.60 1 0
github.com/AlexBurnes/buildfab/pkg/buildfab/ordered_output.go:771.60,774.18 2 0
github.com/AlexBurnes/buildfab/pkg/buildfab/ordered_output.go:774.23,774.45 1 0
github.com/AlexBurnes/buildfab/pkg/buildfab/ordered_output.go:774.45,776.18 1 0
github.com/AlexBurnes/buildfab/pkg/buildfab/ordered_output.go:778.13,778.43 1 0
github.com/AlexBurnes/buildfab/pkg/buildfab/ordered_output.go:778.43,781.40 2 0
github.com/AlexBurnes/buildfab/pkg/buildfab/ordered_output.go:781.40,783.18 1 0
github.com/AlexBurnes/buildfab/pkg/buildfab/ordered_output.go:783.23,785.18 1 0
github.com/AlexBurnes/buildfab/pkg/buildfab/ordered_output.go:789.9,789.89 1 0
github.com/AlexBurnes/buildfab/pkg/buildfab/ordered_output.go:789.89,792.31 2 0
github.com/AlexBurnes/buildfab/pkg/buildfab/ordered_output.go:792.31,795.71 2 0
github.com/AlexBurnes/buildfab/pkg/buildfab/ordered_output.go:795.71,797.18 1 0
github.com/AlexBurnes/buildfab/pkg/buildfab/ordered_output.go:799.17,800.40 2 0
github.com/AlexBurnes/buildfab/pkg/buildfab/ordered_output.go:800.40,802.18 1 0
github.com/AlexBurnes/buildfab/pkg/buildfab/ordered_output.go:802.23,804.18 1 0
github.com/AlexBurnes/buildfab/pkg/buildfab/ordered_output.go:808.9,808.69 1 0
github.com/AlexBurnes/buildfab/pkg/buildfab/ordered_output.go:808.69,811.36 2 0
github.com/AlexBurnes/buildfab/pkg/buildfab/ordered_output.go:811.36,813.14 1 0
github.com/AlexBurnes/buildfab/pkg/buildfab/ordered_output.go:813.19,815.14 1 0
github.com/AlexBurnes/buildfab/pkg/buildfab/ordered_output.go:817.9,817.23 1 0
github.com/AlexBurnes/buildfab/pkg/buildfab/ordered_output.go:818.28,820.59 1 0
github.com/AlexBurnes/buildfab/pkg/buildfab/ordered_output.go:820.59,823.32 2 0
github.com/AlexBurnes/buildfab/pkg/buildfab/ordered_output.go:823.32,825.14 1 0
github.com/AlexBurnes/buildfab/pkg/buildfab/ordered_output.go:827.9,827.23 1 0
github.com/AlexBurnes/buildfab/pkg/buildfab/ordered_output.go:828.13,829.23 1 0
github.com/AlexBurnes/buildfab/pkg/buildfab/ordered_output.go:834.80,835.24 1 0
github.com/AlexBurnes/buildfab/pkg/buildfab/ordered_output.go:835.24,837.6 1 0
github.com/AlexBurnes/buildfab/pkg/buildfab/ordered_output.go:840.5,841.35 2 0
github.com/AlexBurnes/buildfab/pkg/buildfab/ordered_output.go:841.35,847.36 4 0
github.com/AlexBurnes/buildfab/pkg/buildfab/ordered_output.go:847.36,848.46 1 0
github.com/AlexBurnes/buildfab/pkg/buildfab/ordered_output.go:848.46,849.25 1 0
github.com/AlexBurnes/buildfab/pkg/buildfab/ordered_output.go:851.13,852.39 2 0
github.com/AlexBurnes/buildfab/pkg/buildfab/ordered_output.go:852.39,853.32 1 0
github.com/AlexBurnes/buildfab/pkg/buildfab/ordered_output.go:853.32,855.18 1 0
github.com/AlexBurnes/buildfab/pkg/buildfab/ordered_output.go:855.23,856.26 1 0
github.com/AlexBurnes/buildfab/pkg/buildfab/ordered_output.go:859.13,859.53 1 0
github.com/AlexBurnes/buildfab/pkg/buildfab/ordered_output.go:859.53,861.14 1 0
github.com/AlexBurnes/buildfab/pkg/buildfab/ordered_output.go:865.9,865.36 1 0
github.com/AlexBurnes/buildfab/pkg/buildfab/ordered_output.go:865.36,867.10 1 0
github.com/AlexBurnes/buildfab/pkg/buildfab/ordered_output.go:869.9,869.36 1 0
github.com/AlexBurnes/buildfab/pkg/buildfab/ordered_output.go:869.36,872.46 2 0
github.com/AlexBurnes/buildfab/pkg/buildfab/ordered_output.go:872.46,874.14 1 0
github.com/AlexBurnes/buildfab/pkg/buildfab/ordered_output.go:877.13,877.70 1 0
github.com/AlexBurnes/buildfab/pkg/buildfab/ordered_output.go:879.9,879.48 1 0
github.com/AlexBurnes/buildfab/pkg/buildfab/ordered_output.go:883.5,883.45 1 0
github.com/AlexBurnes/buildfab/pkg/buildfab/ordered_output.go:887.80,889.37 1 0
github.com/AlexBurnes/buildfab/pkg/buildfab/ordered_output.go:889.37,890.43 1 0
github.com/AlexBurnes/buildfab/pkg/buildfab/ordered_output.go:890.43,894.10 1 0
github.com/AlexBurnes/buildfab/pkg/buildfab/ordered_output.go:896.5,896.14 1 0
github.com/AlexBurnes/buildfab/pkg/buildfab/platform.go:22.48,31.2 2 0
github.com/AlexBurnes/buildfab/pkg/buildfab/platform.go:34.50,43.2 2 0
github.com/AlexBurnes/buildfab/pkg/buildfab/platform.go:46.74,47.22 1 0
github.com/AlexBurnes/buildfab/pkg/buildfab/platform.go:47.22,49.3 1 0
github.com/AlexBurnes/buildfab/pkg/buildfab/platform.go:51.2,52.33 2 0
github.com/AlexBurnes/buildfab/pkg/buildfab/platform.go:52.33,54.3 1 0
github.com/AlexBurnes/buildfab/pkg/buildfab/platform.go:56.2,56.18 1 0
github.com/AlexBurnes/buildfab/pkg/buildfab/platform.go:60.73,61.22 1 0
github.com/AlexBurnes/buildfab/pkg/buildfab/platform.go:61.22,63.3 1 0
github.com/AlexBurnes/buildfab/pkg/buildfab/platform.go:66.2,69.71 3 0
github.com/AlexBurnes/buildfab/pkg/buildfab/platform.go:69.71,70.33 1 0
github.com/AlexBurnes/buildfab/pkg/buildfab/platform.go:70.33,72.4 1 0
github.com/AlexBurnes/buildfab/pkg/buildfab/platform.go:75.2,75.18 1 0
github.com/AlexBurnes/buildfab/pkg/buildfab/platform.go:80.34,82.29 2 1
github.com/AlexBurnes/buildfab/pkg/buildfab/platform.go:82.29,84.3 1 1
github.com/AlexBurnes/buildfab/pkg/buildfab/platform.go:85.2,85.25 1 0
github.com/AlexBurnes/buildfab/pkg/buildfab/pool.go:40.94,42.22 1 1
github.com/AlexBurnes/buildfab/pkg/buildfab/pool.go:42.22,44.3 1 0
github.com/AlexBurnes/buildfab/pkg/buildfab/pool.go:47.2,58.13 3 1
github.com/AlexBurnes/buildfab/pkg/buildfab/pool.go:62.33,66.15 3 1
github.com/AlexBurnes/buildfab/pkg/buildfab/pool.go:66.15,68.3 1 0
github.com/AlexBurnes/buildfab/pkg/buildfab/pool.go:70.2,73.36 2 1
github.com/AlexBurnes/buildfab/pkg/buildfab/pool.go:73.36,75.3 1 1
github.com/AlexBurnes/buildfab/pkg/buildfab/pool.go:79.40,80.6 1 1
github.com/AlexBurnes/buildfab/pkg/buildfab/pool.go:80.6,81.10 1 1
github.com/AlexBurnes/buildfab/pkg/buildfab/pool.go:82.34,83.11 1 1
github.com/AlexBurnes/buildfab/pkg/buildfab/pool.go:83.11,85.5 1 1
github.com/AlexBurnes/buildfab/pkg/buildfab/pool.go:87.4,87.23 1 1
github.com/AlexBurnes/buildfab/pkg/buildfab/pool.go:89.23,90.10 1 1
github.com/AlexBurnes/buildfab/pkg/buildfab/pool.go:96.48,104.25 5 1
github.com/AlexBurnes/buildfab/pkg/buildfab/pool.go:104.25,106.3 1 1
github.com/AlexBurnes/buildfab/pkg/buildfab/pool.go:108.2,112.16 4 1
github.com/AlexBurnes/buildfab/pkg/buildfab/pool.go:112.16,114.3 1 1
github.com/AlexBurnes/buildfab/pkg/buildfab/pool.go:114.8,116.3 1 1
github.com/AlexBurnes/buildfab/pkg/buildfab/pool.go:117.2,119.28 2 1
github.com/AlexBurnes/buildfab/pkg/buildfab/pool.go:119.28,121.3 1 1
github.com/AlexBurnes/buildfab/pkg/buildfab/pool.go:125.49,127.16 2 1
github.com/AlexBurnes/buildfab/pkg/buildfab/pool.go:127.16,130.3 2 0
github.com/AlexBurnes/buildfab/pkg/buildfab/pool.go:131.2,140.9 6 1
github.com/AlexBurnes/buildfab/pkg/buildfab/pool.go:141.27,142.13 1 1
github.com/AlexBurnes/buildfab/pkg/buildfab/pool.go:143.22,146.56 2 0
github.com/AlexBurnes/buildfab/pkg/buildfab/pool.go:151.32,153.2 1 0
github.com/AlexBurnes/buildfab/pkg/buildfab/pool.go:156.32,158.16 2 1
github.com/AlexBurnes/buildfab/pkg/buildfab/pool.go:158.16,161.3 2 0
github.com/AlexBurnes/buildfab/pkg/buildfab/pool.go:163.2,169.21 5 1
github.com/AlexBurnes/buildfab/pkg/buildfab/pool.go:173.34,177.16 3 0
github.com/AlexBurnes/buildfab/pkg/buildfab/pool.go:177.16,179.3 1 0
github.com/AlexBurnes/buildfab/pkg/buildfab/pool.go:182.2,187.20 3 0
github.com/AlexBurnes/buildfab/pkg/buildfab/pool.go:193.46,197.2 3 1
github.com/AlexBurnes/buildfab/pkg/buildfab/pool.go:200.42,202.2 1 1
github.com/AlexBurnes/buildfab/pkg/buildfab/pool.go:213.83,225.2 4 1
github.com/AlexBurnes/buildfab/pkg/buildfab/pool.go:228.90,232.50 3 1
github.com/AlexBurnes/buildfab/pkg/buildfab/pool.go:232.50,234.3 1 0
github.com/AlexBurnes/buildfab/pkg/buildfab/pool.go:237.2,241.13 4 1
github.com/AlexBurnes/buildfab/pkg/buildfab/pool.go:245.60,246.36 1 1
github.com/AlexBurnes/buildfab/pkg/buildfab/pool.go:246.36,248.3 1 1
github.com/AlexBurnes/buildfab/pkg/buildfab/pool.go:250.2,253.29 3 1
github.com/AlexBurnes/buildfab/pkg/buildfab/pool.go:257.55,259.2 1 1
github.com/AlexBurnes/buildfab/pkg/buildfab/pool.go:262.34,268.38 4 1
github.com/AlexBurnes/buildfab/pkg/buildfab/pool.go:268.38,270.3 1 1
github.com/AlexBurnes/buildfab/pkg/buildfab/pool.go:274.36,280.38 4 0
github.com/AlexBurnes/buildfab/pkg/buildfab/pool.go:280.38,282.3 1 0
github.com/AlexBurnes/buildfab/pkg/buildfab/pool.go:286.34,291.38 4 0
github.com/AlexBurnes/buildfab/pkg/buildfab/pool.go:291.38,293.3 1 0
github.com/AlexBurnes/buildfab/pkg/buildfab/pool.go:294.2,296.29 2 0
github.com/AlexBurnes/buildfab/pkg/buildfab/pool.go:296.29,298.3 1 0
github.com/AlexBurnes/buildfab/pkg/buildfab/simple.go:15.76,17.31 1 0
github.com/AlexBurnes/buildfab/pkg/buildfab/simple.go:17.31,19.6 1 0
github.com/AlexBurnes/buildfab/pkg/buildfab/simple.go:22.5,26.20 4 0
github.com/AlexBurnes/buildfab/pkg/buildfab/simple.go:26.20,28.6 1 0
github.com/AlexBurnes/buildfab/pkg/buildfab/simple.go:28.11,28.27 1 0
github.com/AlexBurnes/buildfab/pkg/buildfab/simple.go:28.27,30.6 1 0
github.com/AlexBurnes/buildfab/pkg/buildfab/simple.go:30.11,33.6 1 0
github.com/AlexBurnes/buildfab/pkg/buildfab/simple.go:60.50,79.2 4 0
github.com/AlexBurnes/buildfab/pkg/buildfab/simple.go:82.76,83.20 1 0
github.com/AlexBurnes/buildfab/pkg/buildfab/simple.go:83.20,85.6 1 0
github.com/AlexBurnes/buildfab/pkg/buildfab/simple.go:86.5,90.6 1 0
github.com/AlexBurnes/buildfab/pkg/buildfab/simple.go:94.78,95.21 1 0
github.com/AlexBurnes/buildfab/pkg/buildfab/simple.go:95.21,97.6 1 0
github.com/AlexBurnes/buildfab/pkg/buildfab/simple.go:98.5,99.16 2 0
github.com/AlexBurnes/buildfab/pkg/buildfab/simple.go:99.16,101.6 1 0
github.com/AlexBurnes/buildfab/pkg/buildfab/simple.go:104.5,104.21 1 0
github.com/AlexBurnes/buildfab/pkg/buildfab/simple.go:104.21,107.42 3 0
github.com/AlexBurnes/buildfab/pkg/buildfab/simple.go:107.42,109.35 2 0
github.com/AlexBurnes/buildfab/pkg/buildfab/simple.go:109.35,111.14 1 0
github.com/AlexBurnes/buildfab/pkg/buildfab/simple.go:116.5,116.22 1 0
github.com/AlexBurnes/buildfab/pkg/buildfab/simple.go:116.22,118.6 1 0
github.com/AlexBurnes/buildfab/pkg/buildfab/simple.go:121.5,128.19 4 0
github.com/AlexBurnes/buildfab/pkg/buildfab/simple.go:128.19,130.6 1 0
github.com/AlexBurnes/buildfab/pkg/buildfab/simple.go:133.5,134.42 2 0
github.com/AlexBurnes/buildfab/pkg/buildfab/simple.go:134.42,135.79 1 0
github.com/AlexBurnes/buildfab/pkg/buildfab/simple.go:135.79,140.67 3 0
github.com/AlexBurnes/buildfab/pkg/buildfab/simple.go:140.67,142.14 1 0
github.com/AlexBurnes/buildfab/pkg/buildfab/simple.go:143.13,143.31 1 0
github.com/AlexBurnes/buildfab/pkg/buildfab/simple.go:143.31,145.14 1 0
github.com/AlexBurnes/buildfab/pkg/buildfab/simple.go:147.13,148.58 2 0
github.com/AlexBurnes/buildfab/pkg/buildfab/simple.go:148.58,150.14 1 0
github.com/AlexBurnes/buildfab/pkg/buildfab/simple.go:152.13,152.47 1 0
github.com/AlexBurnes/buildfab/pkg/buildfab/simple.go:157.5,165.40 4 0
github.com/AlexBurnes/buildfab/pkg/buildfab/simple.go:165.40,167.47 1 0
github.com/AlexBurnes/buildfab/pkg/buildfab/simple.go:167.47,169.74 1 0
github.com/AlexBurnes/buildfab/pkg/buildfab/simple.go:169.74,171.14 1 0
github.com/AlexBurnes/buildfab/pkg/buildfab/simple.go:176.5,197.54 4 0
github.com/AlexBurnes/buildfab/pkg/buildfab/simple.go:197.54,199.25 2 0
github.com/AlexBurnes/buildfab/pkg/buildfab/simple.go:199.25,201.10 1 0
github.com/AlexBurnes/buildfab/pkg/buildfab/simple.go:204.5,214.43 5 0
github.com/AlexBurnes/buildfab/pkg/buildfab/simple.go:214.43,218.6 2 0
github.com/AlexBurnes/buildfab/pkg/buildfab/simple.go:221.5,228.19 4 0
github.com/AlexBurnes/buildfab/pkg/buildfab/simple.go:228.19,230.6 1 0
github.com/AlexBurnes/buildfab/pkg/buildfab/simple.go:230.11,232.6 1 0
github.com/AlexBurnes/buildfab/pkg/buildfab/simple.go:234.5,234.15 1 0
github.com/AlexBurnes/buildfab/pkg/buildfab/simple.go:238.80,277.25 7 0
github.com/AlexBurnes/buildfab/pkg/buildfab/simple.go:277.25,284.40 4 0
github.com/AlexBurnes/buildfab/pkg/buildfab/simple.go:284.40,285.49 1 0
github.com/AlexBurnes/buildfab/pkg/buildfab/simple.go:285.49,287.22 2 0
github.com/AlexBurnes/buildfab/pkg/buildfab/simple.go:288.19,288.55 1 0
github.com/AlexBurnes/buildfab/pkg/buildfab/simple.go:288.55,290.14 1 0
github.com/AlexBurnes/buildfab/pkg/buildfab/simple.go:294.9,296.23 3 0
github.com/AlexBurnes/buildfab/pkg/buildfab/simple.go:296.23,298.10 1 0
github.com/AlexBurnes/buildfab/pkg/buildfab/simple.go:298.15,298.28 1 0
github.com/AlexBurnes/buildfab/pkg/buildfab/simple.go:298.28,300.10 1 0
github.com/AlexBurnes/buildfab/pkg/buildfab/simple.go:300.15,300.30 1 0
github.com/AlexBurnes/buildfab/pkg/buildfab/simple.go:300.30,302.10 1 0
github.com/AlexBurnes/buildfab/pkg/buildfab/simple.go:302.15,304.10 1 0
github.com/AlexBurnes/buildfab/pkg/buildfab/simple.go:307.5,307.15 1 0
github.com/AlexBurnes/buildfab/pkg/buildfab/simple.go:311.92,313.16 2 0
github.com/AlexBurnes/buildfab/pkg/buildfab/simple.go:313.16,315.6 1 0
github.com/AlexBurnes/buildfab/pkg/buildfab/simple.go:318.5,319.38 2 0
github.com/AlexBurnes/buildfab/pkg/buildfab/simple.go:319.38,320.36 1 0
github.com/AlexBurnes/buildfab/pkg/buildfab/simple.go:320.36,322.18 2 0
github.com/AlexBurnes/buildfab/pkg/buildfab/simple.go:326.5,326.26 1 0
github.com/AlexBurnes/buildfab/pkg/buildfab/simple.go:326.26,328.6 1 0
github.com/AlexBurnes/buildfab/pkg/buildfab/simple.go:331.5,359.57 4 0
github.com/AlexBurnes/buildfab/pkg/buildfab/simple.go:384.83,385.32 1 0
github.com/AlexBurnes/buildfab/pkg/buildfab/simple.go:385.32,387.6 1 0
github.com/AlexBurnes/buildfab/pkg/buildfab/simple.go:388.5,391.6 1 0
github.com/AlexBurnes/buildfab/pkg/buildfab/simple.go:394.80,395.27 1 0
github.com/AlexBurnes/buildfab/pkg/buildfab/simple.go:395.27,399.6 1 0
github.com/AlexBurnes/buildfab/pkg/buildfab/simple.go:399.11,402.6 1 0
github.com/AlexBurnes/buildfab/pkg/buildfab/simple.go:406.165,408.27 1 0
github.com/AlexBurnes/buildfab/pkg/buildfab/simple.go:408.27,410.6 1 0
github.com/AlexBurnes/buildfab/pkg/buildfab/simple.go:413.5,413.31 1 0
github.com/AlexBurnes/buildfab/pkg/buildfab/simple.go:413.31,415.23 2 0
github.com/AlexBurnes/buildfab/pkg/buildfab/simple.go:416.27,418.31 2 0
github.com/AlexBurnes/buildfab/pkg/buildfab/simple.go:419.29,421.32 2 0
github.com/AlexBurnes/buildfab/pkg/buildfab/simple.go:422.30,424.29 2 0
github.com/AlexBurnes/buildfab/pkg/buildfab/simple.go:425.32,427.30 2 0
github.com/AlexBurnes/buildfab/pkg/buildfab/simple.go:428.17,430.30 2 0
github.com/AlexBurnes/buildfab/pkg/buildfab/simple.go:434.9,440.31 4 0
github.com/AlexBurnes/buildfab/pkg/buildfab/simple.go:440.31,443.10 1 0
github.com/AlexBurnes/buildfab/pkg/buildfab/simple.go:443.15,449.69 2 0
github.com/AlexBurnes/buildfab/pkg/buildfab/simple.go:449.69,450.75 1 0
github.com/AlexBurnes/buildfab/pkg/buildfab/simple.go:450.75,452.18 1 0
github.com/AlexBurnes/buildfab/pkg/buildfab/simple.go:455.9,455.37 1 0
github.com/AlexBurnes/buildfab/pkg/buildfab/simple.go:459.5,460.38 2 0
github.com/AlexBurnes/buildfab/pkg/buildfab/simple.go:460.38,461.40 1 0
github.com/AlexBurnes/buildfab/pkg/buildfab/simple.go:461.40,468.18 3 0
github.com/AlexBurnes/buildfab/pkg/buildfab/simple.go:471.5,471.15 1 0
github.com/AlexBurnes/buildfab/pkg/buildfab/simple.go:471.15,477.6 1 0
github.com/AlexBurnes/buildfab/pkg/buildfab/simple.go:480.96,481.21 1 0
github.com/AlexBurnes/buildfab/pkg/buildfab/simple.go:481.21,483.36 2 0
github.com/AlexBurnes/buildfab/pkg/buildfab/simple.go:483.36,485.10 1 0
github.com/AlexBurnes/buildfab/pkg/buildfab/simple.go:489.92,491.2 0 0
github.com/AlexBurnes/buildfab/pkg/buildfab/simple.go:494.95,495.55 1 0
github.com/AlexBurnes/buildfab/pkg/buildfab/simple.go:495.55,497.34 2 0
github.com/AlexBurnes/buildfab/pkg/buildfab/simple.go:497.34,499.40 2 0
github.com/AlexBurnes/buildfab/pkg/buildfab/simple.go:499.40,501.14 1 0
github.com/AlexBurnes/buildfab/pkg/buildfab/simple.go:503.9,503.34 1 0
github.com/AlexBurnes/buildfab/pkg/buildfab/simple.go:503.34,505.40 2 0
github.com/AlexBurnes/buildfab/pkg/buildfab/simple.go:505.40,507.14 1 0
github.com/AlexBurnes/buildfab/pkg/buildfab/simple.go:513.56,515.2 1 0
github.com/AlexBurnes/buildfab/pkg/buildfab/simple.go:518.104,519.19 1 0
github.com/AlexBurnes/buildfab/pkg/buildfab/simple.go:520.23,522.55 1 0
github.com/AlexBurnes/buildfab/pkg/buildfab/simple.go:522.55,524.10 1 0
github.com/AlexBurnes/buildfab/pkg/buildfab/simple.go:525.9,525.23 1 0
github.com/AlexBurnes/buildfab/pkg/buildfab/simple.go:526.26,528.55 1 0
github.com/AlexBurnes/buildfab/pkg/buildfab/simple.go:528.55,533.40 4 0
github.com/AlexBurnes/buildfab/pkg/buildfab/simple.go:533.40,534.60 1 0
github.com/AlexBurnes/buildfab/pkg/buildfab/simple.go:534.60,537.18 2 0
github.com/AlexBurnes/buildfab/pkg/buildfab/simple.go:537.23,537.45 1 0
github.com/AlexBurnes/buildfab/pkg/buildfab/simple.go:537.45,539.18 1 0
github.com/AlexBurnes/buildfab/pkg/buildfab/simple.go:541.13,541.43 1 0
github.com/AlexBurnes/buildfab/pkg/buildfab/simple.go:541.43,545.14 2 0
github.com/AlexBurnes/buildfab/pkg/buildfab/simple.go:548.9,548.89 1 0
github.com/AlexBurnes/buildfab/pkg/buildfab/simple.go:548.89,551.31 2 0
github.com/AlexBurnes/buildfab/pkg/buildfab/simple.go:551.31,554.71 2 0
github.com/AlexBurnes/buildfab/pkg/buildfab/simple.go:554.71,556.18 1 0
github.com/AlexBurnes/buildfab/pkg/buildfab/simple.go:558.17,559.65 2 0
github.com/AlexBurnes/buildfab/pkg/buildfab/simple.go:563.9,563.69 1 0
github.com/AlexBurnes/buildfab/pkg/buildfab/simple.go:563.69,567.10 2 0
github.com/AlexBurnes/buildfab/pkg/buildfab/simple.go:568.9,568.23 1 0
github.com/AlexBurnes/buildfab/pkg/buildfab/simple.go:569.28,571.59 1 0
github.com/AlexBurnes/buildfab/pkg/buildfab/simple.go:571.59,574.32 2 0
github.com/AlexBurnes/buildfab/pkg/buildfab/simple.go:574.32,576.14 1 0
github.com/AlexBurnes/buildfab/pkg/buildfab/simple.go:578.9,578.23 1 0
github.com/AlexBurnes/buildfab/pkg/buildfab/simple.go:579.13,580.23 1 0
github.com/AlexBurnes/buildfab/pkg/buildfab/simple.go:585.78,586.24 1 0
github.com/AlexBurnes/buildfab/pkg/buildfab/simple.go:586.24,588.6 1 0
github.com/AlexBurnes/buildfab/pkg/buildfab/simple.go:591.9,592.39 2 0
github.com/AlexBurnes/buildfab/pkg/buildfab/simple.go:592.39,598.40 4 0
github.com/AlexBurnes/buildfab/pkg/buildfab/simple.go:598.40,599.50 1 0
github.com/AlexBurnes/buildfab/pkg/buildfab/simple.go:599.50,600.29 1 0
github.com/AlexBurnes/buildfab/pkg/buildfab/simple.go:602.17,603.43 2 0
github.com/AlexBurnes/buildfab/pkg/buildfab/simple.go:603.43,604.36 1 0
github.com/AlexBurnes/buildfab/pkg/buildfab/simple.go:604.36,606.22 1 0
github.com/AlexBurnes/buildfab/pkg/buildfab/simple.go:606.27,607.30 1 0
github.com/AlexBurnes/buildfab/pkg/buildfab/simple.go:610.17,610.57 1 0
github.com/AlexBurnes/buildfab/pkg/buildfab/simple.go:610.57,612.18 1 0
github.com/AlexBurnes/buildfab/pkg/buildfab/simple.go:616.13,616.40 1 0
github.com/AlexBurnes/buildfab/pkg/buildfab/simple.go:616.40,618.14 1 0
github.com/AlexBurnes/buildfab/pkg/buildfab/simple.go:620.13,620.40 1 0
github.com/AlexBurnes/buildfab/pkg/buildfab/simple.go:620.40,623.50 2 0
github.com/AlexBurnes/buildfab/pkg/buildfab/simple.go:623.50,625.18 1 0
github.com/AlexBurnes/buildfab/pkg/buildfab/simple.go:628.17,628.74 1 0
github.com/AlexBurnes/buildfab/pkg/buildfab/simple.go:630.13,630.52 1 0
github.com/AlexBurnes/buildfab/pkg/buildfab/simple.go:634.5,634.45 1 0
github.com/AlexBurnes/buildfab/pkg/buildfab/simple.go:638.78,640.38 1 0
github.com/AlexBurnes/buildfab/pkg/buildfab/simple.go:640.38,641.45 1 0
github.com/AlexBurnes/buildfab/pkg/buildfab/simple.go:641.45,645.10 1 0
github.com/AlexBurnes/buildfab/pkg/buildfab/simple.go:647.5,647.14 1 0
github.com/AlexBurnes/buildfab/pkg/buildfab/simple.go:651.97,653.16 2 0
github.com/AlexBurnes/buildfab/pkg/buildfab/simple.go:653.16,655.6 1 0
github.com/AlexBurnes/buildfab/pkg/buildfab/simple.go:658.5,659.44 2 0
github.com/AlexBurnes/buildfab/pkg/buildfab/simple.go:659.44,661.6 1 0
github.com/AlexBurnes/buildfab/pkg/buildfab/simple.go:664.5,665.44 2 0
github.com/AlexBurnes/buildfab/pkg/buildfab/simple.go:665.44,666.45 1 0
github.com/AlexBurnes/buildfab/pkg/buildfab/simple.go:666.45,668.10 1 0
github.com/AlexBurnes/buildfab/pkg/buildfab/simple.go:671.5,674.38 2 0
github.com/AlexBurnes/buildfab/pkg/buildfab/simple.go:674.38,678.36 2 0
github.com/AlexBurnes/buildfab/pkg/buildfab/simple.go:678.36,679.21 1 0
github.com/AlexBurnes/buildfab/pkg/buildfab/simple.go:683.9,684.51 2 0
github.com/AlexBurnes/buildfab/pkg/buildfab/simple.go:684.51,685.42 1 0
github.com/AlexBurnes/buildfab/pkg/buildfab/simple.go:685.42,687.22 2 0
github.com/AlexBurnes/buildfab/pkg/buildfab/simple.go:691.9,691.23 1 0
github.com/AlexBurnes/buildfab/pkg/buildfab/simple.go:691.23,693.10 1 0
github.com/AlexBurnes/buildfab/pkg/buildfab/simple.go:696.5,696.24 1 0
github.com/AlexBurnes/buildfab/pkg/buildfab/simple.go:700.111,710.31 7 0
github.com/AlexBurnes/buildfab/pkg/buildfab/simple.go:710.31,713.6 1 0
github.com/AlexBurnes/buildfab/pkg/buildfab/simple.go:713.11,719.24 4 0
github.com/AlexBurnes/buildfab/pkg/buildfab/simple.go:719.24,721.10 1 0
github.com/AlexBurnes/buildfab/pkg/buildfab/simple.go:721.15,723.10 1 0
github.com/AlexBurnes/buildfab/pkg/buildfab/simple.go:726.5,729.25 2 0
github.com/AlexBurnes/buildfab/pkg/buildfab/simple.go:729.25,734.40 4 0
github.com/AlexBurnes/buildfab/pkg/buildfab/simple.go:734.40,736.10 1 0
github.com/AlexBurnes/buildfab/pkg/buildfab/simple.go:739.9,746.44 2 0
github.com/AlexBurnes/buildfab/pkg/buildfab/simple.go:746.44,750.27 3 0
github.com/AlexBurnes/buildfab/pkg/buildfab/simple.go:751.31,753.30 2 0
github.com/AlexBurnes/buildfab/pkg/buildfab/simple.go:753.30,755.18 1 0
github.com/AlexBurnes/buildfab/pkg/buildfab/simple.go:755.23,757.18 1 0
github.com/AlexBurnes/buildfab/pkg/buildfab/simple.go:758.33,760.30 2 0
github.com/AlexBurnes/buildfab/pkg/buildfab/simple.go:760.30,762.18 1 0
github.com/AlexBurnes/buildfab/pkg/buildfab/simple.go:762.23,764.18 1 0
github.com/AlexBurnes/buildfab/pkg/buildfab/simple.go:765.34,767.30 2 0
github.com/AlexBurnes/buildfab/pkg/buildfab/simple.go:767.30,769.18 1 0
github.com/AlexBurnes/buildfab/pkg/buildfab/simple.go:769.23,771.18 1 0
github.com/AlexBurnes/buildfab/pkg/buildfab/simple.go:772.36,774.30 2 0
github.com/AlexBurnes/buildfab/pkg/buildfab/simple.go:774.30,776.18 1 0
github.com/AlexBurnes/buildfab/pkg/buildfab/simple.go:776.23,778.18 1 0
github.com/AlexBurnes/buildfab/pkg/buildfab/simple.go:779.21,781.30 2 0
github.com/AlexBurnes/buildfab/pkg/buildfab/simple.go:781.30,783.18 1 0
github.com/AlexBurnes/buildfab/pkg/buildfab/simple.go:783.23,785.18 1 0
github.com/AlexBurnes/buildfab/pkg/buildfab/simple.go:788.13,788.135 1 0
github.com/AlexBurnes/buildfab/pkg/buildfab/simple.go:794.115,799.16 4 0
github.com/AlexBurnes/buildfab/pkg/buildfab/simple.go:799.16,803.6 3 0
github.com/AlexBurnes/buildfab/pkg/buildfab/simple.go:803.11,807.6 3 0
github.com/AlexBurnes/buildfab/pkg/buildfab/simple.go:810.5,811.31 2 0
github.com/AlexBurnes/buildfab/pkg/buildfab/simple.go:811.31,814.6 1 0
github.com/AlexBurnes/buildfab/pkg/buildfab/simple.go:814.11,820.24 4 0
github.com/AlexBurnes/buildfab/pkg/buildfab/simple.go:820.24,822.10 1 0
github.com/AlexBurnes/buildfab/pkg/buildfab/simple.go:822.15,824.10 1 0
github.com/AlexBurnes/buildfab/pkg/buildfab/simple.go:827.5,830.25 2 0
github.com/AlexBurnes/buildfab/pkg/buildfab/simple.go:830.25,835.40 4 0
github.com/AlexBurnes/buildfab/pkg/buildfab/simple.go:835.40,837.10 1 0
github.com/AlexBurnes/buildfab/pkg/buildfab/simple.go:840.9,847.44 2 0
github.com/AlexBurnes/buildfab/pkg/buildfab/simple.go:847.44,851.27 3 0
github.com/AlexBurnes/buildfab/pkg/buildfab/simple.go:852.31,854.30 2 0
github.com/AlexBurnes/buildfab/pkg/buildfab/simple.go:854.30,856.18 1 0
github.com/AlexBurnes/buildfab/pkg/buildfab/simple.go:856.23,858.18 1 0
github.com/AlexBurnes/buildfab/pkg/buildfab/simple.go:859.33,861.30 2 0
github.com/AlexBurnes/buildfab/pkg/buildfab/simple.go:861.30,863.18 1 0
github.com/AlexBurnes/buildfab/pkg/buildfab/simple.go:863.23,865.18 1 0
github.com/AlexBurnes/buildfab/pkg/buildfab/simple.go:866.34,868.30 2 0
github.com/AlexBurnes/buildfab/pkg/buildfab/simple.go:868.30,870.18 1 0
github.com/AlexBurnes/buildfab/pkg/buildfab/simple.go:870.23,872.18 1 0
github.com/AlexBurnes/buildfab/pkg/buildfab/simple.go:873.36,875.30 2 0
github.com/AlexBurnes/buildfab/pkg/buildfab/simple.go:875.30,877.18 1 0
github.com/AlexBurnes/buildfab/pkg/buildfab/simple.go:877.23,879.18 1 0
github.com/AlexBurnes/buildfab/pkg/buildfab/simple.go:880.21,882.30 2 0
github.com/AlexBurnes/buildfab/pkg/buildfab/simple.go:882.30,884.18 1 0
github.com/AlexBurnes/buildfab/pkg/buildfab/simple.go:884.23,886.18 1 0
github.com/AlexBurnes/buildfab/pkg/buildfab/simple.go:889.13,889.135 1 0
github.com/AlexBurnes/buildfab/pkg/buildfab/simple.go:895.102,905.32 5 0
github.com/AlexBurnes/buildfab/pkg/buildfab/simple.go:905.32,908.23 2 0
github.com/AlexBurnes/buildfab/pkg/buildfab/simple.go:908.23,910.10 1 0
github.com/AlexBurnes/buildfab/pkg/buildfab/simple.go:912.9,912.27 1 0
github.com/AlexBurnes/buildfab/pkg/buildfab/simple.go:912.27,914.40 2 0
github.com/AlexBurnes/buildfab/pkg/buildfab/simple.go:914.40,916.14 1 0
github.com/AlexBurnes/buildfab/pkg/buildfab/simple.go:917.13,917.21 1 0
github.com/AlexBurnes/buildfab/pkg/buildfab/simple.go:921.9,921.33 1 0
github.com/AlexBurnes/buildfab/pkg/buildfab/simple.go:921.33,923.47 2 0
github.com/AlexBurnes/buildfab/pkg/buildfab/simple.go:923.47,924.53 1 0
github.com/AlexBurnes/buildfab/pkg/buildfab/simple.go:924.53,925.43 1 0
github.com/AlexBurnes/buildfab/pkg/buildfab/simple.go:925.43,927.30 2 0
github.com/AlexBurnes/buildfab/pkg/buildfab/simple.go:931.13,931.29 1 0
github.com/AlexBurnes/buildfab/pkg/buildfab/simple.go:931.29,933.44 2 0
github.com/AlexBurnes/buildfab/pkg/buildfab/simple.go:933.44,935.18 1 0
github.com/AlexBurnes/buildfab/pkg/buildfab/simple.go:936.17,936.25 1 0
github.com/AlexBurnes/buildfab/pkg/buildfab/simple.go:940.9,944.20 3 0
github.com/AlexBurnes/buildfab/pkg/buildfab/simple.go:944.20,946.76 1 0
github.com/AlexBurnes/buildfab/pkg/buildfab/simple.go:946.76,948.44 2 0
github.com/AlexBurnes/buildfab/pkg/buildfab/simple.go:948.44,950.18 1 0
github.com/AlexBurnes/buildfab/pkg/buildfab/simple.go:951.19,952.44 1 0
github.com/AlexBurnes/buildfab/pkg/buildfab/simple.go:952.44,954.18 1 0
github.com/AlexBurnes/buildfab/pkg/buildfab/simple.go:956.15,959.27 2 0
github.com/AlexBurnes/buildfab/pkg/buildfab/simple.go:959.27,960.44 1 0
github.com/AlexBurnes/buildfab/pkg/buildfab/simple.go:960.44,962.18 1 0
github.com/AlexBurnes/buildfab/pkg/buildfab/simple.go:968.5,977.15 9 0
github.com/AlexBurnes/buildfab/pkg/buildfab/simple.go:981.99,983.22 1 0
github.com/AlexBurnes/buildfab/pkg/buildfab/simple.go:983.22,985.6 1 0
github.com/AlexBurnes/buildfab/pkg/buildfab/simple.go:988.5,989.19 2 0
github.com/AlexBurnes/buildfab/pkg/buildfab/simple.go:989.19,991.6 1 0
github.com/AlexBurnes/buildfab/pkg/buildfab/simple.go:993.5,993.30 1 0
github.com/AlexBurnes/buildfab/pkg/buildfab/simple.go:997.90,1000.19 2 0
github.com/AlexBurnes/buildfab/pkg/buildfab/simple.go:1000.19,1002.6 1 0
github.com/AlexBurnes/buildfab/pkg/buildfab/simple.go:1005.5,1005.51 1 0
github.com/AlexBurnes/buildfab/pkg/buildfab/simple.go:1005.51,1007.6 1 0
github.com/AlexBurnes/buildfab/pkg/buildfab/simple.go:1010.5,1011.23 2 0
github.com/AlexBurnes/buildfab/pkg/buildfab/simple.go:1011.23,1018.6 1 0
github.com/AlexBurnes/buildfab/pkg/buildfab/simple.go:1020.5,1020.35 1 0
github.com/AlexBurnes/buildfab/pkg/buildfab/simple.go:1020.35,1022.6 1 0
github.com/AlexBurnes/buildfab/pkg/buildfab/simple.go:1024.5,1024.57 1 0
github.com/AlexBurnes/buildfab/pkg/buildfab/simple.go:1028.89,1029.26 1 0
github.com/AlexBurnes/buildfab/pkg/buildfab/simple.go:1029.26,1031.6 1 0
github.com/AlexBurnes/buildfab/pkg/buildfab/simple.go:1033.5,1034.16 2 0
github.com/AlexBurnes/buildfab/pkg/buildfab/simple.go:1034.16,1036.6 1 0
github.com/AlexBurnes/buildfab/pkg/buildfab/simple.go:1038.5,1041.32 2 0
github.com/AlexBurnes/buildfab/pkg/buildfab/simple.go:1041.32,1043.6 1 0
github.com/AlexBurnes/buildfab/pkg/buildfab/simple.go:1045.5,1045.15 1 0
github.com/AlexBurnes/buildfab/pkg/buildfab/simple.go:1049.88,1050.25 1 0
github.com/AlexBurnes/buildfab/pkg/buildfab/simple.go:1050.25,1052.6 1 0
github.com/AlexBurnes/buildfab/pkg/buildfab/simple.go:1055.5,1056.19 2 0
github.com/AlexBurnes/buildfab/pkg/buildfab/simple.go:1056.19,1058.6 1 0
github.com/AlexBurnes/buildfab/pkg/buildfab/simple.go:1061.5,1062.19 2 0
github.com/AlexBurnes/buildfab/pkg/buildfab/simple.go:1062.19,1064.6 1 0
github.com/AlexBurnes/buildfab/pkg/buildfab/simple.go:1067.5,1071.32 3 0
github.com/AlexBurnes/buildfab/pkg/buildfab/simple.go:1071.32,1077.36 4 0
github.com/AlexBurnes/buildfab/pkg/buildfab/simple.go:1077.36,1078.23 1 0
github.com/AlexBurnes/buildfab/pkg/buildfab/simple.go:1078.23,1081.14 1 0
github.com/AlexBurnes/buildfab/pkg/buildfab/simple.go:1081.19,1084.14 1 0
github.com/AlexBurnes/buildfab/pkg/buildfab/simple.go:1088.5,1088.15 1 0
github.com/AlexBurnes/buildfab/pkg/buildfab/simple.go:1094.96,1096.19 2 0
github.com/AlexBurnes/buildfab/pkg/buildfab/simple.go:1096.19,1098.6 1 0
github.com/AlexBurnes/buildfab/pkg/buildfab/simple.go:1100.5,1108.43 3 0
github.com/AlexBurnes/buildfab/pkg/buildfab/simple.go:1112.98,1114.19 2 0
github.com/AlexBurnes/buildfab/pkg/buildfab/simple.go:1114.19,1116.6 1 0
github.com/AlexBurnes/buildfab/pkg/buildfab/simple.go:1118.5,1126.45 3 0
github.com/AlexBurnes/buildfab/pkg/buildfab/simple.go:1130.72,1133.21 2 0
github.com/AlexBurnes/buildfab/pkg/buildfab/simple.go:1133.21,1135.6 1 0
github.com/AlexBurnes/buildfab/pkg/buildfab/simple.go:1137.5,1137.32 1 0
github.com/AlexBurnes/buildfab/pkg/buildfab/simple.go:1137.32,1138.25 1 0
github.com/AlexBurnes/buildfab/pkg/buildfab/simple.go:1138.25,1140.35 2 0
github.com/AlexBurnes/buildfab/pkg/buildfab/simple.go:1140.35,1142.14 1 0
github.com/AlexBurnes/buildfab/pkg/buildfab/simple.go:1146.9,1146.31 1 0
github.com/AlexBurnes/buildfab/pkg/buildfab/simple.go:1146.31,1147.29 1 0
github.com/AlexBurnes/buildfab/pkg/buildfab/simple.go:1147.29,1149.14 1 0
github.com/AlexBurnes/buildfab/pkg/buildfab/simple.go:1152.13,1153.24 2 0
github.com/AlexBurnes/buildfab/pkg/buildfab/simple.go:1153.24,1155.14 1 0
github.com/AlexBurnes/buildfab/pkg/buildfab/simple.go:1158.13,1159.54 2 0
github.com/AlexBurnes/buildfab/pkg/buildfab/simple.go:1159.54,1160.54 1 0
github.com/AlexBurnes/buildfab/pkg/buildfab/simple.go:1160.54,1163.18 2 0
github.com/AlexBurnes/buildfab/pkg/buildfab/simple.go:1168.13,1172.27 3 0
github.com/AlexBurnes/buildfab/pkg/buildfab/simple.go:1172.27,1174.14 1 0
github.com/AlexBurnes/buildfab/pkg/buildfab/simple.go:1177.13,1178.41 2 0
github.com/AlexBurnes/buildfab/pkg/buildfab/simple.go:1178.41,1182.44 2 0
github.com/AlexBurnes/buildfab/pkg/buildfab/simple.go:1182.44,1184.18 1 0
github.com/AlexBurnes/buildfab/pkg/buildfab/simple.go:1186.17,1186.33 1 0
github.com/AlexBurnes/buildfab/pkg/buildfab/simple.go:1186.33,1189.18 1 0
github.com/AlexBurnes/buildfab/pkg/buildfab/simple.go:1192.13,1192.29 1 0
github.com/AlexBurnes/buildfab/pkg/buildfab/simple.go:1192.29,1194.56 2 0
github.com/AlexBurnes/buildfab/pkg/buildfab/simple.go:1194.56,1197.18 1 0
github.com/AlexBurnes/buildfab/pkg/buildfab/simple.go:1201.13,1201.66 1 0
github.com/AlexBurnes/buildfab/pkg/buildfab/simple.go:1202.15,1205.10 1 0
github.com/AlexBurnes/buildfab/pkg/buildfab/simple.go:1208.5,1208.21 1 0
github.com/AlexBurnes/buildfab/pkg/buildfab/simple.go:1208.21,1210.6 1 0
github.com/AlexBurnes/buildfab/pkg/buildfab/simple.go:1212.5,1212.30 1 0
github.com/AlexBurnes/buildfab/pkg/buildfab/types.go:40.37,41.11 1 0
github.com/AlexBurnes/buildfab/pkg/buildfab/types.go:42.25,43.19 1 0
github.com/AlexBurnes/buildfab/pkg/buildfab/types.go:44.25,45.19 1 0
github.com/AlexBurnes/buildfab/pkg/buildfab/types.go:46.20,47.14 1 0
github.com/AlexBurnes/buildfab/pkg/buildfab/types.go:48.22,49.16 1 0
github.com/AlexBurnes/buildfab/pkg/buildfab/types.go:50.23,51.17 1 0
github.com/AlexBurnes/buildfab/pkg/buildfab/types.go:52.25,53.19 1 0
github.com/AlexBurnes/buildfab/pkg/buildfab/types.go:54.10,55.19 1 0
github.com/AlexBurnes/buildfab/pkg/buildfab/variables.go:12.85,13.22 1 1
github.com/AlexBurnes/buildfab/pkg/buildfab/variables.go:13.22,15.3 1 0
github.com/AlexBurnes/buildfab/pkg/buildfab/variables.go:18.2,24.35 4 1
github.com/AlexBurnes/buildfab/pkg/buildfab/variables.go:24.35,25.22 1 0
github.com/AlexBurnes/buildfab/pkg/buildfab/variables.go:25.22,27.48 2 0
github.com/AlexBurnes/buildfab/pkg/buildfab/variables.go:27.48,29.5 1 0
github.com/AlexBurnes/buildfab/pkg/buildfab/variables.go:34.2,34.26 1 1
github.com/AlexBurnes/buildfab/pkg/buildfab/variables.go:34.26,36.34 2 0
github.com/AlexBurnes/buildfab/pkg/buildfab/variables.go:36.34,38.4 1 0
github.com/AlexBurnes/buildfab/pkg/buildfab/variables.go:40.3,41.29 2 0
github.com/AlexBurnes/buildfab/pkg/buildfab/variables.go:41.29,43.4 1 0
github.com/AlexBurnes/buildfab/pkg/buildfab/variables.go:44.3,44.34 1 0
github.com/AlexBurnes/buildfab/pkg/buildfab/variables.go:48.2,48.73 1 1
github.com/AlexBurnes/buildfab/pkg/buildfab/variables.go:48.73,51.26 2 0
github.com/AlexBurnes/buildfab/pkg/buildfab/variables.go:51.26,53.4 1 0
github.com/AlexBurnes/buildfab/pkg/buildfab/variables.go:55.3,58.50 2 0
github.com/AlexBurnes/buildfab/pkg/buildfab/variables.go:58.50,60.4 1 0
github.com/AlexBurnes/buildfab/pkg/buildfab/variables.go:63.3,63.15 1 0
github.com/AlexBurnes/buildfab/pkg/buildfab/variables.go:66.2,66.20 1 1
github.com/AlexBurnes/buildfab/pkg/buildfab/variables.go:70.84,71.22 1 1
github.com/AlexBurnes/buildfab/pkg/buildfab/variables.go:71.22,73.3 1 0
github.com/AlexBurnes/buildfab/pkg/buildfab/variables.go:75.2,76.16 2 1
github.com/AlexBurnes/buildfab/pkg/buildfab/variables.go:76.16,78.3 1 0
github.com/AlexBurnes/buildfab/pkg/buildfab/variables.go:80.2,81.20 2 1
github.com/AlexBurnes/buildfab/pkg/buildfab/variables.go:85.76,88.16 2 0
github.com/AlexBurnes/buildfab/pkg/buildfab/variables.go:88.16,90.3 1 0
github.com/AlexBurnes/buildfab/pkg/buildfab/variables.go:91.2,94.35 2 0
github.com/AlexBurnes/buildfab/pkg/buildfab/variables.go:94.35,96.17 2 0
github.com/AlexBurnes/buildfab/pkg/buildfab/variables.go:96.17,98.4 1 0
github.com/AlexBurnes/buildfab/pkg/buildfab/variables.go:99.3,99.33 1 0
github.com/AlexBurnes/buildfab/pkg/buildfab/variables.go:103.2,103.19 1 0
github.com/AlexBurnes/buildfab/pkg/buildfab/variables.go:103.19,105.17 2 0
github.com/AlexBurnes/buildfab/pkg/buildfab/variables.go:105.17,107.4 1 0
github.com/AlexBurnes/buildfab/pkg/buildfab/variables.go:108.3,108.25 1 0
github.com/AlexBurnes/buildfab/pkg/buildfab/variables.go:111.2,111.18 1 0
github.com/AlexBurnes/buildfab/pkg/buildfab/variables.go:115.133,116.19 1 0
github.com/AlexBurnes/buildfab/pkg/buildfab/variables.go:116.19,118.3 1 0
github.com/AlexBurnes/buildfab/pkg/buildfab/variables.go:121.2,124.31 2 0
github.com/AlexBurnes/buildfab/pkg/buildfab/variables.go:124.31,126.17 2 0
github.com/AlexBurnes/buildfab/pkg/buildfab/variables.go:126.17,128.4 1 0
github.com/AlexBurnes/buildfab/pkg/buildfab/variables.go:129.3,129.31 1 0
github.com/AlexBurnes/buildfab/pkg/buildfab/variables.go:133.2,133.32 1 0
github.com/AlexBurnes/buildfab/pkg/buildfab/variables.go:133.32,135.17 2 0
github.com/AlexBurnes/buildfab/pkg/buildfab/variables.go:135.17,137.4 1 0
github.com/AlexBurnes/buildfab/pkg/buildfab/variables.go:138.3,138.33 1 0
github.com/AlexBurnes/buildfab/pkg/buildfab/variables.go:142.2,142.31 1 0
github.com/AlexBurnes/buildfab/pkg/buildfab/variables.go:142.31,144.17 2 0
github.com/AlexBurnes/buildfab/pkg/buildfab/variables.go:144.17,146.4 1 0
github.com/AlexBurnes/buildfab/pkg/buildfab/variables.go:147.3,147.31 1 0
github.com/AlexBurnes/buildfab/pkg/buildfab/variables.go:151.2,151.29 1 0
github.com/AlexBurnes/buildfab/pkg/buildfab/variables.go:151.29,153.17 2 0
github.com/AlexBurnes/buildfab/pkg/buildfab/variables.go:153.17,155.4 1 0
github.com/AlexBurnes/buildfab/pkg/buildfab/variables.go:156.3,156.27 1 0
github.com/AlexBurnes/buildfab/pkg/buildfab/variables.go:160.2,160.32 1 0
github.com/AlexBurnes/buildfab/pkg/buildfab/variables.go:160.32,162.17 2 0
github.com/AlexBurnes/buildfab/pkg/buildfab/variables.go:162.17,164.4 1 0
github.com/AlexBurnes/buildfab/pkg/buildfab/variables.go:165.3,165.33 1 0
github.com/AlexBurnes/buildfab/pkg/buildfab/variables.go:169.2,169.32 1 0
github.com/AlexBurnes/buildfab/pkg/buildfab/variables.go:169.32,171.17 2 0
github.com/AlexBurnes/buildfab/pkg/buildfab/variables.go:171.17,173.4 1 0
github.com/AlexBurnes/buildfab/pkg/buildfab/variables.go:174.3,174.33 1 0
github.com/AlexBurnes/buildfab/pkg/buildfab/variables.go:178.2,178.33 1 0
github.com/AlexBurnes/buildfab/pkg/buildfab/variables.go:178.33,180.17 2 0
github.com/AlexBurnes/buildfab/pkg/buildfab/variables.go:180.17,182.4 1 0
github.com/AlexBurnes/buildfab/pkg/buildfab/variables.go:183.3,183.35 1 0
github.com/AlexBurnes/buildfab/pkg/buildfab/variables.go:187.2,187.34 1 0
github.com/AlexBurnes/buildfab/pkg/buildfab/variables.go:187.34,189.17 2 0
github.com/AlexBurnes/buildfab/pkg/buildfab/variables.go:189.17,191.4 1 0
github.com/AlexBurnes/buildfab/pkg/buildfab/variables.go:192.3,192.37 1 0
github.com/AlexBurnes/buildfab/pkg/buildfab/variables.go:196.2,196.28 1 0
github.com/AlexBurnes/buildfab/pkg/buildfab/variables.go:196.28,198.17 2 0
github.com/AlexBurnes/buildfab/pkg/buildfab/variables.go:198.17,200.4 1 0
github.com/AlexBurnes/buildfab/pkg/buildfab/variables.go:201.3,201.25 1 0
github.com/AlexBurnes/buildfab/pkg/buildfab/variables.go:205.2,205.29 1 0
github.com/AlexBurnes/buildfab/pkg/buildfab/variables.go:205.29,206.44 1 0
github.com/AlexBurnes/buildfab/pkg/buildfab/variables.go:206.44,208.18 2 0
github.com/AlexBurnes/buildfab/pkg/buildfab/variables.go:208.18,210.5 1 0
github.com/AlexBurnes/buildfab/pkg/buildfab/variables.go:211.4,211.45 1 0
github.com/AlexBurnes/buildfab/pkg/buildfab/variables.go:216.2,216.31 1 0
github.com/AlexBurnes/buildfab/pkg/buildfab/variables.go:216.31,217.46 1 0
github.com/AlexBurnes/buildfab/pkg/buildfab/variables.go:217.46,219.18 2 0
github.com/AlexBurnes/buildfab/pkg/buildfab/variables.go:219.18,221.5 1 0
github.com/AlexBurnes/buildfab/pkg/buildfab/variables.go:222.4,222.47 1 0
github.com/AlexBurnes/buildfab/pkg/buildfab/variables.go:227.2,227.44 1 0
github.com/AlexBurnes/buildfab/pkg/buildfab/variables.go:227.44,228.23 1 0
github.com/AlexBurnes/buildfab/pkg/buildfab/variables.go:228.23,230.18 2 0
github.com/AlexBurnes/buildfab/pkg/buildfab/variables.go:230.18,232.5 1 0
github.com/AlexBurnes/buildfab/pkg/buildfab/variables.go:233.4,233.43 1 0
github.com/AlexBurnes/buildfab/pkg/buildfab/variables.go:236.3,236.25 1 0
github.com/AlexBurnes/buildfab/pkg/buildfab/variables.go:236.25,238.18 2 0
github.com/AlexBurnes/buildfab/pkg/buildfab/variables.go:238.18,240.5 1 0
github.com/AlexBurnes/buildfab/pkg/buildfab/variables.go:241.4,241.47 1 0
github.com/AlexBurnes/buildfab/pkg/buildfab/variables.go:244.3,244.25 1 0
github.com/AlexBurnes/buildfab/pkg/buildfab/variables.go:244.25,246.18 2 0
github.com/AlexBurnes/buildfab/pkg/buildfab/variables.go:246.18,248.5 1 0
github.com/AlexBurnes/buildfab/pkg/buildfab/variables.go:249.4,249.47 1 0
github.com/AlexBurnes/buildfab/pkg/buildfab/variables.go:254.2,254.82 1 0
github.com/AlexBurnes/buildfab/pkg/buildfab/variables.go:254.82,256.3 1 0
github.com/AlexBurnes/buildfab/pkg/buildfab/variables.go:259.2,259.90 1 0
github.com/AlexBurnes/buildfab/pkg/buildfab/variables.go:259.90,261.3 1 0
github.com/AlexBurnes/buildfab/pkg/buildfab/variables.go:263.2,263.27 1 0
github.com/AlexBurnes/buildfab/pkg/buildfab/variables.go:267.100,268.18 1 0
github.com/AlexBurnes/buildfab/pkg/buildfab/variables.go:268.18,270.3 1 0
github.com/AlexBurnes/buildfab/pkg/buildfab/variables.go:273.2,273.22 1 0
github.com/AlexBurnes/buildfab/pkg/buildfab/variables.go:273.22,275.17 2 0
github.com/AlexBurnes/buildfab/pkg/buildfab/variables.go:275.17,277.4 1 0
github.com/AlexBurnes/buildfab/pkg/buildfab/variables.go:278.3,278.20 1 0
github.com/AlexBurnes/buildfab/pkg/buildfab/variables.go:282.2,282.24 1 0
github.com/AlexBurnes/buildfab/pkg/buildfab/variables.go:282.24,283.75 1 0
github.com/AlexBurnes/buildfab/pkg/buildfab/variables.go:283.75,285.4 1 0
github.com/AlexBurnes/buildfab/pkg/buildfab/variables.go:289.2,289.23 1 0
github.com/AlexBurnes/buildfab/pkg/buildfab/variables.go:289.23,290.73 1 0
github.com/AlexBurnes/buildfab/pkg/buildfab/variables.go:290.73,292.4 1 0
github.com/AlexBurnes/buildfab/pkg/buildfab/variables.go:295.2,295.12 1 0
github.com/AlexBurnes/buildfab/pkg/buildfab/variables.go:299.100,300.18 1 0
github.com/AlexBurnes/buildfab/pkg/buildfab/variables.go:300.18,302.3 1 0
github.com/AlexBurnes/buildfab/pkg/buildfab/variables.go:305.2,305.28 1 0
github.com/AlexBurnes/buildfab/pkg/buildfab/variables.go:305.28,307.17 2 0
github.com/AlexBurnes/buildfab/pkg/buildfab/variables.go:307.17,309.4 1 0
github.com/AlexBurnes/buildfab/pkg/buildfab/variables.go:310.3,310.32 1 0
github.com/AlexBurnes/buildfab/pkg/buildfab/variables.go:314.2,314.25 1 0
github.com/AlexBurnes/buildfab/pkg/buildfab/variables.go:314.25,316.17 2 0
github.com/AlexBurnes/buildfab/pkg/buildfab/variables.go:316.17,318.4 1 0
github.com/AlexBurnes/buildfab/pkg/buildfab/variables.go:319.3,319.26 1 0
github.com/AlexBurnes/buildfab/pkg/buildfab/variables.go:323.2,323.25 1 0
github.com/AlexBurnes/buildfab/pkg/buildfab/variables.go:323.25,325.17 2 0
github.com/AlexBurnes/buildfab/pkg/buildfab/variables.go:325.17,327.4 1 0
github.com/AlexBurnes/buildfab/pkg/buildfab/variables.go:328.3,328.26 1 0
github.com/AlexBurnes/buildfab/pkg/buildfab/variables.go:332.2,332.26 1 0
github.com/AlexBurnes/buildfab/pkg/buildfab/variables.go:332.26,334.17 2 0
github.com/AlexBurnes/buildfab/pkg/buildfab/variables.go:334.17,336.4 1 0
github.com/AlexBurnes/buildfab/pkg/buildfab/variables.go:337.3,337.28 1 0
github.com/AlexBurnes/buildfab/pkg/buildfab/variables.go:341.2,341.23 1 0
github.com/AlexBurnes/buildfab/pkg/buildfab/variables.go:341.23,342.38 1 0
github.com/AlexBurnes/buildfab/pkg/buildfab/variables.go:342.38,344.18 2 0
github.com/AlexBurnes/buildfab/pkg/buildfab/variables.go:344.18,346.5 1 0
github.com/AlexBurnes/buildfab/pkg/buildfab/variables.go:347.4,347.39 1 0
github.com/AlexBurnes/buildfab/pkg/buildfab/variables.go:352.2,352.33 1 0
github.com/AlexBurnes/buildfab/pkg/buildfab/variables.go:352.33,354.17 2 0
github.com/AlexBurnes/buildfab/pkg/buildfab/variables.go:354.17,356.4 1 0
github.com/AlexBurnes/buildfab/pkg/buildfab/variables.go:357.3,357.34 1 0
github.com/AlexBurnes/buildfab/pkg/buildfab/variables.go:360.2,360.12 1 0
github.com/AlexBurnes/buildfab/pkg/buildfab/variables.go:364.97,365.17 1 0
github.com/AlexBurnes/buildfab/pkg/buildfab/variables.go:365.17,367.3 1 0
github.com/AlexBurnes/buildfab/pkg/buildfab/variables.go:370.2,370.23 1 0
github.com/AlexBurnes/buildfab/pkg/buildfab/variables.go:370.23,372.17 2 0
github.com/AlexBurnes/buildfab/pkg/buildfab/variables.go:372.17,374.4 1 0
github.com/AlexBurnes/buildfab/pkg/buildfab/variables.go:375.3,375.23 1 0
github.com/AlexBurnes/buildfab/pkg/buildfab/variables.go:379.2,379.24 1 0
github.com/AlexBurnes/buildfab/pkg/buildfab/variables.go:379.24,381.17 2 0
github.com/AlexBurnes/buildfab/pkg/buildfab/variables.go:381.17,383.4 1 0
github.com/AlexBurnes/buildfab/pkg/buildfab/variables.go:384.3,384.25 1 0
github.com/AlexBurnes/buildfab/pkg/buildfab/variables.go:388.2,388.21 1 0
github.com/AlexBurnes/buildfab/pkg/buildfab/variables.go:388.21,390.17 2 0
github.com/AlexBurnes/buildfab/pkg/buildfab/variables.go:390.17,392.4 1 0
github.com/AlexBurnes/buildfab/pkg/buildfab/variables.go:393.3,393.19 1 0
github.com/AlexBurnes/buildfab/pkg/buildfab/variables.go:397.2,397.32 1 0
github.com/AlexBurnes/buildfab/pkg/buildfab/variables.go:397.32,399.17 2 0
github.com/AlexBurnes/buildfab/pkg/buildfab/variables.go:399.17,401.4 1 0
github.com/AlexBurnes/buildfab/pkg/buildfab/variables.go:402.3,402.33 1 0
github.com/AlexBurnes/buildfab/pkg/buildfab/variables.go:405.2,405.12 1 0
github.com/AlexBurnes/buildfab/pkg/buildfab/variables.go:409.112,410.22 1 0
github.com/AlexBurnes/buildfab/pkg/buildfab/variables.go:410.22,412.3 1 0
github.com/AlexBurnes/buildfab/pkg/buildfab/variables.go:415.2,415.28 1 0
github.com/AlexBurnes/buildfab/pkg/buildfab/variables.go:415.28,417.17 2 0
github.com/AlexBurnes/buildfab/pkg/buildfab/variables.go:417.17,419.4 1 0
github.com/AlexBurnes/buildfab/pkg/buildfab/variables.go:420.3,420.28 1 0
github.com/AlexBurnes/buildfab/pkg/buildfab/variables.go:424.2,424.38 1 0
github.com/AlexBurnes/buildfab/pkg/buildfab/variables.go:424.38,426.17 2 0
github.com/AlexBurnes/buildfab/pkg/buildfab/variables.go:426.17,428.4 1 0
github.com/AlexBurnes/buildfab/pkg/buildfab/variables.go:429.3,429.39 1 0
github.com/AlexBurnes/buildfab/pkg/buildfab/variables.go:432.2,432.12 1 0
